TITULO;CATEGORIA;SUBCATEGORIA1;SUBCATEGORIA2;MARCA;MODELO
Adega Philco 69L PAD24DZ Display Digital 24 Garrafas Bivolt;Eletrodomesticos;Adegas e Champanheiras;;PHILCO;PHILCO
Adega Philco 69L PAD24DZ Display Digital 24 Garrafas Bivolt;Eletrodomesticos;Adegas e Champanheiras;;PHILCO;PHILCO
Adega 8 Garrafas Philco Pad8 Preta Bivolt;Eletrodomesticos;Adegas e Champanheiras;;PHILCO;PHILCO
Adega 12 Garrafas Philco PAD12E Preta Bivolt;Eletrodomesticos;Adegas e Champanheiras;;PHILCO;PHILCO
Adega 16 Garrafas Philco PAD16E Preta Bivolt;Eletrodomesticos;Adegas e Champanheiras;;PHILCO;PHILCO
Adega Piubella 100L 24 Garrafas Preta Venax 110V 7831;Eletrodomesticos;Adegas e Champanheiras;;VENAX;VENAX
Adega Brastemp Dual Zone 33 Garrafas Inox 110v BZB33BEANA;Eletrodomesticos;Adegas e Champanheiras;;BRASTEMP;BZB33BEANA
Adega Venax Para 50 Garrafas Preto Porta Invertida 127V;Eletrodomesticos;Adegas e Champanheiras;;VENAX;VENAX
Adega Suggar Cannes 18 Garrafas Preta 110v;Eletrodomesticos;Adegas e Champanheiras;;SUGGAR;SUGGAR
Adega Brastemp Dual Zone 33 Garrafas Inox 110V Bzb33beana;Eletrodomesticos;Adegas e Champanheiras;;BRASTEMP;Brastemp
Adega Venax Piubella 100l 24 Garrafas Preta 110v 7831 única único;Eletrodomesticos;Adegas e Champanheiras;;VENAX;VENAX
Adega Suggar Lyon Digital 13 Garrafas Preta E Inox 220v Ad1522ix única único;Eletrodomesticos;Adegas e Champanheiras;;ACTE;ACTE
Adega Brastemp 33 Garrafas Dual Zone Inox 127v;Eletrodomesticos;Adegas e Champanheiras;;BRASTEMP;BRASTEMP
Adega Climatizada Brastemp Display Touch 12 Garrafas Bzc12 Preto 220 V;Eletrodomesticos;Adegas e Champanheiras;;BRASTEMP;BRASTEMP
Adega De Vinhos ACB08 Para 8 Garrafas Electrolux Preto Bivolt;Eletrodomesticos;Adegas e Champanheiras;;ELECTROLUX;ELECTROLUX
Adega ACB12 Climatizada Para 12 Garrafas Electrolux Preto Bivolt;Eletrodomesticos;Adegas e Champanheiras;;ELECTROLUX;ELECTROLUX
Adega Piubella 200 Para 50 Garrafas Preto 220v Venax;Eletrodomesticos;Adegas e Champanheiras;;VENAX;VENAX
Adega De Vinhos Climatizada Piubella 82l 24 Garrafas Preto Fosco Cave 100 - Venax 220v 220v;Eletrodomesticos;Adegas e Champanheiras;;VENAX;VENAX
Adega De Vinhos Climatizada Piubella 82l 24 Garrafas Preto Fosco Cave 100 - Venax 127v 127v;Eletrodomesticos;Adegas e Champanheiras;;VENAX;VENAX
Adega 50 Garrafas Climatizada 200l Ngv 200 220v Com Abridor Elétrico Preto - Venax 220v;Eletrodomesticos;Adegas e Champanheiras;;VENAX;VENAX
Adega 24 Garrafas Climatizada 82l Ngv 100 220v Venax Com Abridor Elétrico Preto Eos 220v;Eletrodomesticos;Adegas e Champanheiras;;VENAX;VENAX
Adega Piubella 200 50 Garrafas 200l Porta Invertida 127v Venax Com Abridor Elétrico Preto Eos 127v;Eletrodomesticos;Adegas e Champanheiras;;VENAX;VENAX
Adega Piubella 200 50 Garrafas 200l Porta Invertida 127v Venax Com Abridor Elétrico Vermelho;Eletrodomesticos;Adegas e Champanheiras;;VENAX;VENAX
Adega 50 Garrafas Climatizada 200l Ngv 200 220v Venax Com Abridor Elétrico Vermelho Eos 220v;Eletrodomesticos;Adegas e Champanheiras;;VENAX;VENAX
Adega Climatizada Com Compressor Lyon 13 Garrafas Inox 220v Suggar Ad1522ix;Eletrodomesticos;Adegas e Champanheiras;;SUGGAR;SUGGAR
Adega Climatizada Com Compressor Lyon 13 Garrafas Inox 220v Suggar Ad1522ix;Eletrodomesticos;Adegas e Champanheiras;;SUGGAR;SUGGAR
Adega Climatizada Toulouse 29 Garrafas Inox 127v Suggar Ad2711ix;Eletrodomesticos;Adegas e Champanheiras;;SUGGAR;SUGGAR
Adega Climatizada Brastemp Display Touch 12 Garrafas Bzc12 Preto 110v;Eletrodomesticos;Adegas e Champanheiras;;BRASTEMP;BRASTEMP
Adega Brastemp 33 Garrafas Dual Zone Inox 127v;Eletrodomesticos;Adegas e Champanheiras;;BRASTEMP;BRASTEMP
Adega Brastemp Bzc12be Climatizada 12 Garrafas - Preto 110v;Eletrodomesticos;Adegas e Champanheiras;;BRASTEMP;BRASTEMP
Adega Brastemp Bzc12be Climatizada 12 Garrafas - Preto -220v;Eletrodomesticos;Adegas e Champanheiras;;BRASTEMP;BRASTEMP
Adega Suggar Cannes 18 Garrafas Preta 110v;Eletrodomesticos;Adegas e Champanheiras;;SUGGAR;SUGGAR
Adega Venax Piubella 100l 24 Garrafas Preta 110v 7831 única único;Eletrodomesticos;Adegas e Champanheiras;;VENAX;VENAX
Adega De Vinhos Climatizada Piubella 82l 24 Garrafas Preto Fosco Cave 100 - Venax 127v 127v;Eletrodomesticos;Adegas e Champanheiras;;VENAX;VENAX
Adega Piubella 200 50 Garrafas 200l Porta Invertida 127v Venax Com Abridor Elétrico Preto Eos 127v;Eletrodomesticos;Adegas e Champanheiras;;VENAX;VENAX
Adega Brastemp 33 Garrafas Dual Zone Inox 127v;Eletrodomesticos;Adegas e Champanheiras;;BRASTEMP;BRASTEMP
Adega Climatizada Toulouse 29 Garrafas Inox 127v Suggar Ad2711ix;Eletrodomesticos;Adegas e Champanheiras;;SUGGAR;SUGGAR
Adega 12 Garrafas Philco PAD12E Preta Bivolt;Eletrodomesticos;Adegas e Champanheiras;;PHILCO;PHILCO
Adega 16 Garrafas Philco PAD16E Preta Bivolt;Eletrodomesticos;Adegas e Champanheiras;;PHILCO;PHILCO
Climatizador Termoelétrico 12 Garrafas 220v Easycooler Preto;Eletrodomesticos;Adegas e Champanheiras;;Easy Cooler;Easy Cooler
Adega Termoelétrica 28 Garrafas 220v Spicy Aço Inox;Eletrodomesticos;Adegas e Champanheiras;;SPICY;SPICY
Centrífuga De Roupas 15kg Suggar Ct1501br Branca 127v;Eletrodomesticos;Centrifugas de Roupas;;SUGGAR;SUGGAR
Centrífuga De Roupas 15kg Britânia BCR15B Branca 127V;Eletrodomesticos;Centrifugas de Roupas;;BRITÂNIA;BRITÂNIA
Centrífuga De Roupas 15kg Suggar Ct1501br Branca 127v;Eletrodomesticos;Centrifugas de Roupas;;SUGGAR;SUGGAR
Centrífuga De Roupas 15kg Suggar Ct1502br Branca 220v;Eletrodomesticos;Centrifugas de Roupas;;SUGGAR;SUGGAR
Centrífuga Wanke Sofia Com Dupla Tampa 15kg Preto 220v;Eletrodomesticos;Centrifugas de Roupas;;WANKE;WANKE
Centrífuga Suggar 15 Kg Ct150 Preto 220v;Eletrodomesticos;Centrifugas de Roupas;;SUGGAR;SUGGAR
Centrífuga Suggar 15 Kg Ct150 Branco 127v;Eletrodomesticos;Centrifugas de Roupas;;SUGGAR;SUGGAR
Centrífuga Suggar 15 Kg Ct150 Branco 220v;Eletrodomesticos;Centrifugas de Roupas;;SUGGAR;SUGGAR
Centrífuga De Roupas Wanke 8.8 Kg Bella Eco Branco Com Cinza 220v;Eletrodomesticos;Centrifugas de Roupas;;WANKE;WANKE
Centrífuga De Roupas Wanke 8.8 Kg Bella Eco Branco Com Cinza 127v;Eletrodomesticos;Centrifugas de Roupas;;WANKE;WANKE
Centrífuga Sofia Com Dupla Tampa 15kg Wanke Branco Com Cinza 127 V;Eletrodomesticos;Centrifugas de Roupas;;WANKE;WANKE
Centrífuga Sofia Com Dupla Tampa 15kg Wanke Branco Com Cinza 220 V;Eletrodomesticos;Centrifugas de Roupas;;WANKE;WANKE
Centrífuga De Roupas Wanke 8.8 Kg Bella Eco Branco Com Cinza 220v;Eletrodomesticos;Centrifugas de Roupas;;WANKE;WANKE
Centrífuga De Roupas Wanke 8.8 Kg Bella Eco Branco Com Cinza 127v;Eletrodomesticos;Centrifugas de Roupas;;WANKE;WANKE
Centrifuga 15kg Ct1501br 127v 180w Suggar Branco 110v;Eletrodomesticos;Centrifugas de Roupas;;SUGGAR;SUGGAR
Centrífuga De Roupas Mueller Fit 15kg De Roupa Molhada 127V;Eletrodomesticos;Centrifugas de Roupas;;MUELLER;MUELLER
Centrifuga De Roupas Giromax 15kg Suggar Ct150 Branco 220v;Eletrodomesticos;Centrifugas de Roupas;;SUGGAR;SUGGAR
Centrífuga Wanke Sofia Com Dupla Tampa 15kg Preto 127v;Eletrodomesticos;Centrifugas de Roupas;;WANKE;WANKE
Centrífuga Britânia 15 Kg Bcr15b Branco 220v;Eletrodomesticos;Centrifugas de Roupas;;BRITÂNIA;BRITÂNIA
Centrífuga De Roupas Mueller Fit 15kg Branco 220 V;Eletrodomesticos;Centrifugas de Roupas;;MUELLER;MUELLER
Centrífuga Britânia 15 Kg Bcr15b Branco 127v;Eletrodomesticos;Centrifugas de Roupas;;BRITÂNIA;BRITÂNIA
Centrífuga Britânia 15 Kg Bcr15b Branco 220v;Eletrodomesticos;Centrifugas de Roupas;;BRITÂNIA;BRITÂNIA
Centrífuga De Roupas Mueller Fit 15kg Preto 127 V;Eletrodomesticos;Centrifugas de Roupas;;MUELLER;MUELLER
Centrífuga De Roupas Mueller Fit 15kg Preto 220 V;Eletrodomesticos;Centrifugas de Roupas;;MUELLER;MUELLER
Centrífuga De Roupas Mueller Fit 15kg Branco 127 V;Eletrodomesticos;Centrifugas de Roupas;;MUELLER;MUELLER
Centrífuga De Roupas Mueller Fit 15kg De Roupa Molhada 127v Preto 127v;Eletrodomesticos;Centrifugas de Roupas;;MUELLER;MUELLER
Centrífuga De Roupas Mueller Dry 8,8kg De Roupa Molhada Preta 127v Preto 127v;Eletrodomesticos;Centrifugas de Roupas;;MUELLER;MUELLER
Centrifuga Mobi 15kg 200w Praxis Branco 220v;Eletrodomesticos;Centrifugas de Roupas;;PRAXIS;PRAXIS
Centrífuga De Roupas Wanke 8.8 Kg Bella Eco Branco Com Cinza 127v;Eletrodomesticos;Centrifugas de Roupas;;WANKE;WANKE
Centrifuga De Roupas Giromax 15kg Suggar Ct150 Branco 220v;Eletrodomesticos;Centrifugas de Roupas;;SUGGAR;SUGGAR
Centrifuga 15kg Ct1501br 127v 180w Suggar Branco 110v;Eletrodomesticos;Centrifugas de Roupas;;SUGGAR;SUGGAR
Cervejeira Porta de Vidro 324L Metalfrio Vn28rp Preta 127V;Eletrodomesticos;Cervejeiras;;METALFRIO;METALFRIO
Cervejeira Porta de Vidro 572L Metalfrio Branca 220V;Eletrodomesticos;Cervejeiras;;METALFRIO;METALFRIO
Cervejeira Porta de Vidro 572L Metalfrio Vn50ah Preta 127V;Eletrodomesticos;Cervejeiras;;METALFRIO;METALFRIO
Cervejeira Porta de Visor 324L Metalfrio Vn28fp Preta 127V;Eletrodomesticos;Cervejeiras;;METALFRIO;METALFRIO
Cervejeira Porta de Vidro 324L Metalfrio All Black 220V;Eletrodomesticos;Cervejeiras;;METALFRIO;METALFRIO
Cervejeira Porta De Vidro 434 Litros Metalfrio Preto 127v;Eletrodomesticos;Cervejeiras;;METALFRIO;METALFRIO
Cervejeira Porta De Visor 284L Fricon VCFC284D Black 220V;Eletrodomesticos;Cervejeiras;;FRICON;FRICON
Mini Cervejeira Vertical Porta De Vidro 105 Litros Fricon VCFC110V Total Black 220V;Eletrodomesticos;Cervejeiras;;FRICON;FRICON
Mini Cervejeira Vertical Porta De Vidro 105 Litros Fricon VCFC110V Total Black 110V;Eletrodomesticos;Cervejeiras;;FRICON;FRICON
Cervejeira Porta De Visor 434 Litros Metalfrio Preta 220v;Eletrodomesticos;Cervejeiras;;METALFRIO;METALFRIO
Cervejeira Porta Cega 565l Fricon Vcfc565-1c000 Preto 127v;Eletrodomesticos;Cervejeiras;;FRICON;FRICON
Cervejeira Metalfrio Beer Max 324 Litros Inox 220V;Eletrodomesticos;Cervejeiras;;METALFRIO;Cervejeira
Cervejeira Consul 1 Porta 82L 75 Latas Titanium 110v;Eletrodomesticos;Cervejeiras;;CONSUL;CONSUL
Cervejeira Consul Mais 1Porta 82l 75Latas Czd12 Amarelo 220v;Eletrodomesticos;Cervejeiras;;CONSUL;CONSUL
Cervejeira Consul Mais 1 Porta 82L 5 Níveis De Temperatura Para 75 Latas Czd12 Titanium 110v;Eletrodomesticos;Cervejeiras;;CONSUL;CONSUL
Cervejeira Consul Mais 1 Porta 82L Czd12 Vermelho 110V;Eletrodomesticos;Cervejeiras;;CONSUL;CONSUL
Cervejeira Porta de Vidro 324L Metalfrio All Black 220V;Eletrodomesticos;Cervejeiras;;METALFRIO;METALFRIO
Cervejeira Porta De Visor 284L Fricon VCFC284D Black 220V;Eletrodomesticos;Cervejeiras;;FRICON;FRICON
Churrasqueira Elétrica Britânia Bcq40 Menos Fumaça 127V;Eletrodomesticos;Churrasqueiras Eletricas;;BRITÂNIA;BRITÂNIA
Churrasqueira Elétrica Fischer Ranch Grill 3 Espetos 220V;Eletrodomesticos;Churrasqueiras Eletricas;;FISCHER;FISCHER
Churrasqueira A Gás Bancada/Embutir Fischer 5 Espetos Bivolt;Eletrodomesticos;Churrasqueiras Eletricas;;FISCHER;FISCHER
Churrasqueira Elétrica De Embutir 4 Espetos Titan Painel Ventilado Suprema 127V;Eletrodomesticos;Churrasqueiras Eletricas;;TITAN CHURRASQUEIRAS;TITAN CHURRASQUEIRAS
Churrasqueira Elétrica Grill Diamond Premium Sem Tampa Titan 220V;Eletrodomesticos;Churrasqueiras Eletricas;;TITAN CHURRASQUEIRAS;TITAN CHURRASQUEIRAS
Churrasqueira Elétrica Grill Diamond Premium Sem Tampa Titan 127V;Eletrodomesticos;Churrasqueiras Eletricas;;TITAN CHURRASQUEIRAS;TITAN CHURRASQUEIRAS
Grill De Embutir Diamond Little Bivolt Titan Gás Glp + Veneziana;Eletrodomesticos;Churrasqueiras Eletricas;;TITAN CHURRASQUEIRAS;TITAN CHURRASQUEIRAS
Churrasqueira A Gás De Embutir 4 Espetos Titan Painel Ventilado Suprema Tipo De Gás GLP 127V;Eletrodomesticos;Churrasqueiras Eletricas;;TITAN CHURRASQUEIRAS;TITAN CHURRASQUEIRAS
Churrasqueira Grill Diamond Premium Sem Tampa Titan + Veneziana Gás Glp;Eletrodomesticos;Churrasqueiras Eletricas;;TITAN CHURRASQUEIRAS;TITAN CHURRASQUEIRAS
"Churrasqueira A Gás De Embutir 4 Espetos Titan Painel Ventilado Suprema Tipo De Gás:gás Natural;voltagem:220v";Eletrodomesticos;Churrasqueiras Eletricas;;TITAN CHURRASQUEIRAS;TITAN CHURRASQUEIRAS
Churrasqueira Grill Diamond Premium Sem Tampa Titan + Veneziana Gás Natural;Eletrodomesticos;Churrasqueiras Eletricas;;TITAN CHURRASQUEIRAS;TITAN CHURRASQUEIRAS
Churrasqueira A Gás De Embutir 6 Espetos Titan Painel Ventilado Suprema Gás:glp;Eletrodomesticos;Churrasqueiras Eletricas;;TITAN CHURRASQUEIRAS;TITAN CHURRASQUEIRAS
Churrasqueira Elétrica Fischer Ranch Grill 3 Espetos 220V 18124-19259;Eletrodomesticos;Churrasqueiras Eletricas;;FISCHER;FISCHER
Churrasqueira A Gás De Bancada Ou Embutir Fischer Ranch 3 Espetos Bivolt 18122-19255 única único;Eletrodomesticos;Churrasqueiras Eletricas;;FISHER;FISHER
Churrasqueira Elétrica de Embutir Ch4e Stelar 127V;Eletrodomesticos;Churrasqueiras Eletricas;;STELAR;STELAR
Churrasqueira Elétrica de Embutir Ch4e Stelar 220V;Eletrodomesticos;Churrasqueiras Eletricas;;STELAR;STELAR
Churrasqueira Elétrica 3 Espetos giratórios Stelar 127 VOLTS;Eletrodomesticos;Churrasqueiras Eletricas;;STELAR;STELAR
Churrasqueira Elétrica 3 Espetos giratórios Stelar 220 VOLTS;Eletrodomesticos;Churrasqueiras Eletricas;;STELAR;STELAR
Churrasqueira Elétrica Fischer Ranch Grill 3 Espetos 220V 18124-19259;Eletrodomesticos;Churrasqueiras Eletricas;;FISCHER;FISCHER
Grill Churrasqueira Diamond Premium Sem Tampa Gás Titan + Veneziana Tipo De Gás:gás Natural;Eletrodomesticos;Churrasqueiras Eletricas;;TITAN CHURRASQUEIRAS;TITAN CHURRASQUEIRAS
Churrasqueira A Gás De Bancada Vertical 3 Espetos Stand Titan 220V Gás Natural;Eletrodomesticos;Churrasqueiras Eletricas;;TITAN CHURRASQUEIRAS;TITAN CHURRASQUEIRAS
Churrasqueira A Gás De Bancada Vertical 3 Espetos Stand Titan 127V Gás GLP;Eletrodomesticos;Churrasqueiras Eletricas;;TITAN CHURRASQUEIRAS;TITAN CHURRASQUEIRAS
Churrasqueira A Gás De Bancada Vertical 5 Espetos Stand Titan 127V Gás GLP;Eletrodomesticos;Churrasqueiras Eletricas;;TITAN CHURRASQUEIRAS;TITAN CHURRASQUEIRAS
Churrasqueira A Gás De Bancada Vertical 5 Espetos Stand Titan 220V Gás Natural;Eletrodomesticos;Churrasqueiras Eletricas;;TITAN CHURRASQUEIRAS;TITAN CHURRASQUEIRAS
Churrasqueira A Gás De Bancada Vertical 3 Espetos Stand Titan 220V Gás GLP;Eletrodomesticos;Churrasqueiras Eletricas;;TITAN CHURRASQUEIRAS;TITAN CHURRASQUEIRAS
Churrasqueira A Gás De Bancada Vertical 5 Espetos Stand Titan 220V Gás GLP;Eletrodomesticos;Churrasqueiras Eletricas;;TITAN CHURRASQUEIRAS;TITAN CHURRASQUEIRAS
Churrasqueira A Gás De Bancada Vertical 3 Espetos Stand Titan 127V Gás Natural;Eletrodomesticos;Churrasqueiras Eletricas;;TITAN CHURRASQUEIRAS;TITAN CHURRASQUEIRAS
Churrasqueira A Gás De Bancada Vertical 5 Espetos Stand Titan 127V Gás Natural;Eletrodomesticos;Churrasqueiras Eletricas;;TITAN CHURRASQUEIRAS;TITAN CHURRASQUEIRAS
Churrasqueira Elétrica Grill Diamond Premium Com Tampa Titan + Veneziana Voltagem:127v;Eletrodomesticos;Churrasqueiras Eletricas;;TITAN CHURRASQUEIRAS;TITAN CHURRASQUEIRAS
Churrasqueira Elétrica Rotativa De Bancada 4 Espetos Titan Voltagem:127v;Eletrodomesticos;Churrasqueiras Eletricas;;TITAN CHURRASQUEIRAS;TITAN CHURRASQUEIRAS
Churrasqueira A Gás Rotativa De Bancada 4 Espetos Titan Voltagem:220v;Eletrodomesticos;Churrasqueiras Eletricas;;TITAN CHURRASQUEIRAS;TITAN CHURRASQUEIRAS
Churrasqueira Elétrica Grill Diamond Premium Sem Tampa Titan + Veneziana Voltagem:127v;Eletrodomesticos;Churrasqueiras Eletricas;;TITAN CHURRASQUEIRAS;TITAN CHURRASQUEIRAS
Churrasqueira Elétrica Grill Diamond Premium Com Tampa Titan + Veneziana Voltagem:220v;Eletrodomesticos;Churrasqueiras Eletricas;;TITAN CHURRASQUEIRAS;TITAN CHURRASQUEIRAS
Churrasqueira Elétrica Rotativa De Bancada 4 Espetos Titan Voltagem:220v;Eletrodomesticos;Churrasqueiras Eletricas;;TITAN CHURRASQUEIRAS;TITAN CHURRASQUEIRAS
Churrasqueira Elétrica Grill Diamond Premium Sem Tampa Titan + Veneziana Voltagem:220v;Eletrodomesticos;Churrasqueiras Eletricas;;TITAN CHURRASQUEIRAS;TITAN CHURRASQUEIRAS
Churrasqueira A Gás Rotativa De Bancada 4 Espetos Titan Voltagem:220v;Eletrodomesticos;Churrasqueiras Eletricas;;TITAN CHURRASQUEIRAS;TITAN CHURRASQUEIRAS
Churrasqueira A Gás De Embutir 6 Espetos Titan Painel Ventilado Suprema Gás:glp;Eletrodomesticos;Churrasqueiras Eletricas;;TITAN CHURRASQUEIRAS;TITAN CHURRASQUEIRAS
Churrasqueira A Gás Rotativa De Bancada 4 Espetos Titan Voltagem:127v;Eletrodomesticos;Churrasqueiras Eletricas;;TITAN CHURRASQUEIRAS;TITAN CHURRASQUEIRAS
Churrasqueira Elétrica Agratto Ch2-02 Mr.cheff Preta 220v;Eletrodomesticos;Churrasqueiras Eletricas;;AGRATTO;AGRATTO
Churrasqueira Elétrica Gourmet Bcg1 Britânia Bandeja Removível Fácil Limpeza 127v;Eletrodomesticos;Churrasqueiras Eletricas;;BRITÂNIA;BRITÂNIA
Churrasqueira A Gás Genesis Ii S-435 Weber;Eletrodomesticos;Churrasqueiras Eletricas;;WEBER HAUS;WEBER HAUS
Churrasqueira Elétrica Premium 127v 1800w Ce033 Multilaser;Eletrodomesticos;Churrasqueiras Eletricas;;MULTILASER;MULTILASER
Coifa de Parede Gourmet Cadence Vidro Curvo 60cm 127V;Eletrodomesticos;Coifas;;CADENCE;CADENCE
Coifa De Parede Cadence Inspire Vidro Curvo 90cm - 220v 220v;Eletrodomesticos;Coifas;;CADENCE;CADENCE
Coifa De Parede Cadence Inspire Vidro Curvo 90cm - 127v 127v;Eletrodomesticos;Coifas;;CADENCE;CADENCE
Coifa De Parede Cadence Inspire Vidro Curvo 60cm - 220V;Eletrodomesticos;Coifas;;CADENCE;CADENCE
Coifa De Parede Cadence Inspire Vidro Curvo 60cm - 127v;Eletrodomesticos;Coifas;;CADENCE;CADENCE
Coifa de Parede Glass 60 Cm Philco 220V PCO60G;Eletrodomesticos;Coifas;;PHILCO;PHILCO
Coifa De Parede Electrolux Silver 70cs Inox 70cm 110v;Eletrodomesticos;Coifas;;ELECTROLUX;ELECTROLUX
Coifa de Parede Suggar Esmeralda Touch Vidro Inox 90Cm 110V TP3091THIX;Eletrodomesticos;Coifas;;SUGGAR;SUGGAR
Coifa de Parede Suggar Esmeralda Touch Vidro Inox 60Cm TP3061THIX 110V;Eletrodomesticos;Coifas;;SUGGAR;SUGGAR
Coifa De Parede Electrolux 90cm Inox Inteligência Artificial Ce9tf 220v 29909tba289;Eletrodomesticos;Coifas;;ELECTROLUX;ELECTROLUX
Coifa De Parede Electrolux 90cm Inox Inteligência Artificial Ce9tf 110v 29909tba189;Eletrodomesticos;Coifas;;ELECTROLUX;ELECTROLUX
Coifa de Parede Suggar Esmeralda Touch Vidro Inox 60Cm TP3061THIX 110V;Eletrodomesticos;Coifas;;SUGGAR;SUGGAR
Coifa De Parede Electrolux 90cm Inox Inteligência Artificial Ce9tf 110v 29909tba189;Eletrodomesticos;Coifas;;ELECTROLUX;ELECTROLUX
Coifa De Ilha Brastemp Plana 100cm Com Timer Autodesligamento Inox E Vidro 110v Bav10arana;Eletrodomesticos;Coifas;;BRASTEMP;BRASTEMP
Coifa De Parede Suggar Granada C/ Painel Touch E Led 90Cm Inox 110V Tp1091Ix Inox;Eletrodomesticos;Coifas;;NULL;NULL
Coifa de Parede Suggar Granada com Painel Touch e LED 90cm Inox Tp1092ix 220V;Eletrodomesticos;Coifas;;NULL;
Coifa De Parede Suggar Granada Slim Touch 90Cm Preta 220V Tp1192Pt Preto;Eletrodomesticos;Coifas;;NULL;NULL
Coifa de Parede Electrolux 90cm Inox Inteligência Artificial CE9TF 29909TBA289 220V;Eletrodomesticos;Coifas;;ELECTROLUX;ELECTROLUX
Coifa de Parede Electrolux 90cm Inox Inteligência Artificial CE9TF 110V 29909TBA189;Eletrodomesticos;Coifas;;ELECTROLUX;ELECTROLUX
Coifa de Parede Suggar Esmeralda Touch Vidro Inox 90Cm 220V TP3092THIX;Eletrodomesticos;Coifas;;SUGGAR;SUGGAR
Coifa de Parede Suggar Esmeralda Touch Vidro Inox 90Cm 110V TP3091THIX;Eletrodomesticos;Coifas;;SUGGAR;SUGGAR
Coifa de Parede Suggar Esmeralda Touch Vidro Inox 60Cm 110V TP3061THIX;Eletrodomesticos;Coifas;;SUGGAR;SUGGAR
Coifa De Parede Suggar Granada Slim Touch 90cm Inox 220v Tp1192ix Inox único;Eletrodomesticos;Coifas;;NULL;NULL
Coifa de Parede Electrolux 90cm Inox Inteligência Artificial CE9TF 110V 29909TBA189;Eletrodomesticos;Coifas;;ELECTROLUX;ELECTROLUX
Coifa De Ilha Suggar Granada Touch 90 Cm Inox 110v Tp0791ix Inox único;Eletrodomesticos;Coifas;;SUGGAR;SUGGAR
Coifa Brastemp Timer 90 Cm Bap90ar Inox 127 V;Eletrodomesticos;Coifas;;BRASTEMP;BRASTEMP
Coifa de Parede Mueller Plana 90cm Mcf0190g1 220V Inox;Eletrodomesticos;Coifas;;MUELLER FOGÕES;MUELLER FOGÕES
Coifa de Parede de 90 cm em Aço Inox 110V Tramontina;Eletrodomesticos;Coifas;;TRAMONTINA;TRAMONTINA
Coifa De Embutir 90 Cm Aço Inox Infinity 127V Fischer;Eletrodomesticos;Coifas;;FISCHER;FISCHER
Coifa De Embutir 90 Cm Aço Inox Infinity 220V Fischer;Eletrodomesticos;Coifas;;FISCHER;FISCHER
Coifa De Parede 90 Cm Aço Inox E Vidro Fit 220 V Fischer;Eletrodomesticos;Coifas;;FISCHER;FISCHER
Coifa De Parede 60 Cm Aço Inox E Vidro Fit 220 V Fischer;Eletrodomesticos;Coifas;;FISCHER;FISCHER
Coifa De Parede 90cm Vidro Reto Slim Fogatti Inox 220v;Eletrodomesticos;Coifas;;FOGATTI;FOGATTI
Coifa De Parede Fischer Fit 90cm Vidro Curvo Inox 110v;Eletrodomesticos;Coifas;;FISCHER;FISCHER
Coifa de Parede Suggar Granada Led 90cm Suggar 220V;Eletrodomesticos;Coifas;;SUGGAR;SUGGAR
Coifa Suggar Granada Led 90cm 127v Suggar;Eletrodomesticos;Coifas;;SUGGAR;SUGGAR
Coifa Brastemp Parede Tbox 90cm Bae90ar Inox 220v;Eletrodomesticos;Coifas;;BRASTEMP;
Coifa De Ilha Brastemp Painel Touch Baf10ar Inox 127 V;Eletrodomesticos;Coifas;;BRASTEMP;BRASTEMP
Coifa Ilha 60cm Vidro Reto Fogatti Inox 220v;Eletrodomesticos;Coifas;;FOGATTI;FOGATTI
Coifa Ilha 75cm Vidro Reto Fogatti Inox 220v;Eletrodomesticos;Coifas;;FOGATTI;FOGATTI
Coifa Ilha 90cm Vidro Curvo Fogatti Inox 220v;Eletrodomesticos;Coifas;;FOGATTI;FOGATTI
Coifa De Parede 90cm Vidro Reto Duto Slim Fogatti Inox 220v;Eletrodomesticos;Coifas;;FOGATTI;FOGATTI
Coifa Ilha 75cm Vidro Curvo Fogatti Inox 220v;Eletrodomesticos;Coifas;;FOGATTI;FOGATTI
Coifa Ilha 75cm Vidro Curvo Fogatti Inox 110v;Eletrodomesticos;Coifas;;FOGATTI;FOGATTI
Coifa Ilha 75cm Vidro Reto Fogatti Inox 110v;Eletrodomesticos;Coifas;;FOGATTI;FOGATTI
Coifa De Parede 60cm Retangular Duto Slim Fogatti Inox 220v;Eletrodomesticos;Coifas;;FOGATTI;FOGATTI
Coifa Ilha 60cm Vidro Reto Fogatti Inox 110v;Eletrodomesticos;Coifas;;FOGATTI;FOGATTI
Coifa De Parede 60cm Retangular Duto Slim Fogatti Inox 110v;Eletrodomesticos;Coifas;;FOGATTI;FOGATTI
Coifa De Parede 90cm Retangular Duto Slim Fogatti Inox 220v;Eletrodomesticos;Coifas;;FOGATTI;FOGATTI
Coifa De Parede 75cm Retangular Duto Slim Fogatti Inox 110v;Eletrodomesticos;Coifas;;FOGATTI;FOGATTI
Coifa De Parede 75cm Retangular Duto Slim Fogatti Inox 220v;Eletrodomesticos;Coifas;;FOGATTI;FOGATTI
Coifa De Parede 75cm Vidro Reto Duto Slim Fogatti Inox 220v;Eletrodomesticos;Coifas;;FOGATTI;FOGATTI
Coifa De Parede 80cm Vidro Reto Duto Slim Fogatti Inox 220v;Eletrodomesticos;Coifas;;FOGATTI;FOGATTI
Coifa Ilha 60cm Retangular Fogatti Inox 220v;Eletrodomesticos;Coifas;;FOGATTI;FOGATTI
Coifa Ilha 75cm Retangular Fogatti Inox 110v;Eletrodomesticos;Coifas;;FOGATTI;FOGATTI
Coifa Ilha 90cm Retangular Fogatti Inox 220v;Eletrodomesticos;Coifas;;FOGATTI;FOGATTI
Coifa De Parede 75cm Vidro Reto Duto Slim Fogatti Inox 110v;Eletrodomesticos;Coifas;;FOGATTI;FOGATTI
Coifa De Parede 60cm Curvo Duto Slim Fogatti Vermelho 220v;Eletrodomesticos;Coifas;;FOGATTI;FOGATTI
Coifa De Parede 60cm Curvo Duto Slim Fogatti Vermelho 110v;Eletrodomesticos;Coifas;;FOGATTI;FOGATTI
Coifa De Parede 70cm Vidro Curvo Duto Slim Fogatti Preto 220;Eletrodomesticos;Coifas;;FOGATTI;FOGATTI
Coifa De Parede 70cm Vidro Curvo Duto Slim Fogatti Preto 110;Eletrodomesticos;Coifas;;FOGATTI;FOGATTI
Coifa De Parede 75cm Vidro Curvo Slim Fogatti Vermelho 110v;Eletrodomesticos;Coifas;;FOGATTI;FOGATTI
Coifa De Parede 70cm Vidro Curvo Slim Fogatti Vermelho 220v;Eletrodomesticos;Coifas;;FOGATTI;FOGATTI
Coifa De Parede 75cm Vidro Curvo Slim Fogatti Vermelho 220v;Eletrodomesticos;Coifas;;FOGATTI;FOGATTI
Coifa De Parede 70cm Vidro Curvo Slim Fogatti Amarelo 220v;Eletrodomesticos;Coifas;;FOGATTI;FOGATTI
Coifa De Parede 70cm Vidro Curvo Slim Fogatti Amarelo 110v;Eletrodomesticos;Coifas;;FOGATTI;FOGATTI
Coifa De Parede 70cm Vidro Curvo Slim Fogatti Vermelho 110v;Eletrodomesticos;Coifas;;FOGATTI;FOGATTI
Coifa Fogatti De Parede Clean Vidro Curvo Kromanox 75cm 220v;Eletrodomesticos;Coifas;;FOGATTI;FOGATTI
Coifa Fogatti De Parede Clean Vidro Curvo Kromanox 70cm 110v;Eletrodomesticos;Coifas;;FOGATTI;FOGATTI
Coifa Fogatti De Parede Clean Vidro Curvo Kromanox 70cm 220v;Eletrodomesticos;Coifas;;FOGATTI;FOGATTI
Coifa Fogatti De Parede Clean Vidro Curvo Kromanox 75cm 110v;Eletrodomesticos;Coifas;;FOGATTI;FOGATTI
Coifa Fogatti De Parede Clean Vidro Curvo Kromanox 60cm 110v;Eletrodomesticos;Coifas;;FOGATTI;FOGATTI
Coifa Fogatti De Parede Clean Vidro Curvo Kromanox 60cm 220v;Eletrodomesticos;Coifas;;FOGATTI;FOGATTI
Coifa De Parede 60cm Vidro Curvo Duto Slim Fogatti Preto 220;Eletrodomesticos;Coifas;;FOGATTI;FOGATTI
Coifa De Parede 60cm Vidro Curvo Duto Slim Fogatti Preto 110;Eletrodomesticos;Coifas;;FOGATTI;FOGATTI
Coifa De Parede 60cm Vidro Curvo Slim Fogatti Amarelo 220v;Eletrodomesticos;Coifas;;FOGATTI;FOGATTI
Coifa De Parede 60cm Vidro Curvo Slim Fogatti Amarelo 110v;Eletrodomesticos;Coifas;;FOGATTI;FOGATTI
Coifa De Ilha Suggar Granada Touch 90cm Inox Tp0792ix 220V;Eletrodomesticos;Coifas;;SUGGAR;SUGGAR
Coifa De Parede Suggar Granada C/ Painel Touch E Led 90Cm Inox 110V Tp1091Ix Inox;Eletrodomesticos;Coifas;;NULL;NULL
Coifa De Parede 75cm Vidro Reto Duto Slim Inox 110v;Eletrodomesticos;Coifas;;NARDELLI;NARDELLI
Coifa De Parede 70cm Vidro Reto Duto Slim Inox 110v;Eletrodomesticos;Coifas;;NARDELLI;NARDELLI
Coifa De Parede 60cm Vidro Curvo Duto Slim Inox 110v;Eletrodomesticos;Coifas;;NARDELLI;NARDELLI
Coifa De Parede 75cm Vidro Curvo Duto Slim Inox 110v;Eletrodomesticos;Coifas;;NEW ORDER;NEW ORDER
Coifa De Parede 90cm Retangular Duto Slim Inox 110v;Eletrodomesticos;Coifas;;NARDELLI;NARDELLI
Coifa De Parede 60cm Retangular Duto Slim Inox 110v;Eletrodomesticos;Coifas;;NARDELLI;NARDELLI
Coifa De Parede 70cm Vidro Curvo Duto Slim Inox 110v;Eletrodomesticos;Coifas;;NARDELLI;NARDELLI
Coifa De Parede 75cm Retangular Duto Slim Inox 110v;Eletrodomesticos;Coifas;;NARDELLI;NARDELLI
Coifa De Parede 75cm Retangular Duto Slim Inox 220v;Eletrodomesticos;Coifas;;NARDELLI;NARDELLI
Coifa De Parede 75cm Vidro Curvo Duto Slim Inox 220v;Eletrodomesticos;Coifas;;NEW ORDER;NEW ORDER
Coifa De Parede 60cm Vidro Curvo Duto Slim Inox 220v;Eletrodomesticos;Coifas;;NARDELLI;NARDELLI
Coifa De Parede 75cm Vidro Reto Duto Slim Inox 220v;Eletrodomesticos;Coifas;;NARDELLI;NARDELLI
Coifa De Parede 70cm Vidro Reto Duto Slim Inox 220v;Eletrodomesticos;Coifas;;NARDELLI;NARDELLI
Coifa De Parede 70cm Vidro Curvo Duto Slim 220v;Eletrodomesticos;Coifas;;NARDELLI;NARDELLI
Coifa De Ilha Fischer Island 90cm Vidro 5455;Eletrodomesticos;Coifas;;FISCHER;FISCHER
Coifa Fogatti Ilha Vidro Reto E Temperado 75 Cm Preto 110v;Eletrodomesticos;Coifas;;FOGATTI;FOGATTI
Coifa Ilha Redonda Quartzo 35 Cm Inox 220v Suggar Tp3522ix;Eletrodomesticos;Coifas;;SUGGAR;SUGGAR
Coifa De Parede 90cm 220v Spicy Aço Inox;Eletrodomesticos;Coifas;;SPICY;SPICY
Coifa De Ilha 90cm 220v Cuisinart Casual Aço Inox;Eletrodomesticos;Coifas;;CUISINART;CUISINART
Coifa de Parede Suggar Esmeralda Touch Vidro Inox 90Cm 110V TP3091THIX;Eletrodomesticos;Coifas;;SUGGAR;SUGGAR
Coifa De Parede Cadence Inspire Vidro Curvo 60cm - 220V;Eletrodomesticos;Coifas;;CADENCE;CADENCE
Coifa de Parede Suggar Esmeralda Touch Vidro Inox 90Cm 110V TP3091THIX;Eletrodomesticos;Coifas;;SUGGAR;SUGGAR
Coifa de Parede Suggar Esmeralda Touch Vidro Inox 60Cm 110V TP3061THIX;Eletrodomesticos;Coifas;;SUGGAR;SUGGAR
Coifa De Embutir Fischer Infinity 90cm Inox 29565;Eletrodomesticos;Coifas;;FISCHER;FISCHER
Coifa De Embutir Fischer Infinity 90cm Inox 29565;Eletrodomesticos;Coifas;;FISCHER;FISCHER
Coifa De Parede 90cm Cuisinart Casual 220v Aço Inox;Eletrodomesticos;Coifas;;CUISINART;CUISINART
Coifa de Parede Suggar Granada com Painel Touch e LED 90cm Inox Tp1092ix 220V;Eletrodomesticos;Coifas;;NULL;
Coifa Brastemp Parede Tbox 90cm Bae90ar Inox 220v;Eletrodomesticos;Coifas;;BRASTEMP;
Coifa De Ilha Brastemp Com Vidro Com Timer Inox 127v;Eletrodomesticos;Coifas;;BRASTEMP;BRASTEMP
Coifa De Parede 90cm Retangular Duto Slim Fogatti Inox 220v;Eletrodomesticos;Coifas;;FOGATTI;FOGATTI
Coifa Suggar Granada Led 90cm 127v Suggar;Eletrodomesticos;Coifas;;SUGGAR;SUGGAR
Coifa Brastemp Tbox 90cm Parede Inox Bae90arbna 220V;Eletrodomesticos;Coifas;;BRASTEMP;BRASTEMP
Coifa De Parede Clean Vidro Curvo 80cm 140w Fogatti Kromanox 110v;Eletrodomesticos;Coifas;;FOGATTI;FOGATTI
Coifa De Parede 90cm 220v Cuisinart Arkton Aço Inox;Eletrodomesticos;Coifas;;CUISINART;CUISINART
Coifa De Ilha 90cm 220v Cuisinart Arkton Aço Inox;Eletrodomesticos;Coifas;;CUISINART;CUISINART
Cooktop De Indução 4 Bocas Preto Com Zona Flexível Dako Diplomata 220V;Eletrodomesticos;Cooktops;;DAKO;DAKO
Cooktop De Indução Dako Portátil 1 Boca Preto 220v;Eletrodomesticos;Cooktops;;DAKO;DAKO
Cooktop De Indução Dako 2 Bocas Preto Com Zona Flexível 220v;Eletrodomesticos;Cooktops;;DAKO;DAKO
Cooktop Britânia 5 Bocas Concept Black Bct7p Bivolt;Eletrodomesticos;Cooktops;;BRITÂNIA;BRITÂNIA
Cooktop de Indução Philco PCTQ1 Função Turbo 220v;Eletrodomesticos;Cooktops;;PHILCO;PHILCO
Cooktop De Indução Philco Pct12p 10 Níveis Bivolt;Eletrodomesticos;Cooktops;;PHILCO;PHILCO
Cooktop por Indução Perfect Cuisine Cadence 220V;Eletrodomesticos;Cooktops;;CADENCE;CADENCE
Cooktop Por Indução 4 Bocas Oster Touch Screen 220v;Eletrodomesticos;Cooktops;;OSTER;OSTER
Cooktop 4 Bocas Britânia Bct4p Preto Bivolt;Eletrodomesticos;Cooktops;;BRITÂNIA;BRITÂNIA
Cooktop A Gás Brastemp Gourmand 5 Queimadores Inox 75cm 220v;Eletrodomesticos;Cooktops;;BRASTEMP;BRASTEMP
Cooktop de Indução Homemade 4 Queimadores Gorenje 220v;Eletrodomesticos;Cooktops;;GORENJE;GORENJE
Cooktop à Gás Suggar 5 Queimadores Tripla Chama Preto Bivolt;Eletrodomesticos;Cooktops;;SUGGAR;Cooktop
Cooktop 4 Queimadores Tc Infinity Vidro Preto Fischer Bivolt;Eletrodomesticos;Cooktops;;FISCHER;FISCHER
Cooktop De Indução Suggar 4 Queimadores Preto Fg0422vc 220V;Eletrodomesticos;Cooktops;;SUGGAR;SUGGAR
Cooktop De Indução Brastemp Flexizone 4 Queimadores Branco BDJ77ABBNA 220V;Eletrodomesticos;Cooktops;;BRASTEMP;BRASTEMP
Cooktop Suggar 1 Boca Trich Ferro Fundido Vidro Preto Bivolt FG0101FVP;Eletrodomesticos;Cooktops;;SUGGAR;SUGGAR
Rangetop De Embutir Brastemp Gourmand 6Q 110V Bdr90Arnna;Eletrodomesticos;Cooktops;;BRASTEMP;BRASTEMP
Cooktop Suggar Mesa De Vidro E Inox 4q à Gás Fg4404fvpix Bivolt;Eletrodomesticos;Cooktops;;SUGGAR;SUGGAR
Cooktop Suggar Mesa De Vidro E Inox 2 Queimadores à Gás Bivolt FG2002FVPIX;Eletrodomesticos;Cooktops;;SUGGAR;SUGGAR
Cooktop a Gás 4 Bocas Mega Chama Bivolt D&D Metal CE04AZ;Eletrodomesticos;Cooktops;;D&D METAL;D&D METAL
Cooktop a Gás 4 Bocas Mega Chama Bivolt D&D Metal CE04VE;Eletrodomesticos;Cooktops;;D&D METAL;D&D METAL
Cooktop 2 Bocas Preto a Gás D&D Metal Bivolt CE02P;Eletrodomesticos;Cooktops;;D&D METAL;D&D METAL
Fogão Cooktop 2 Bocas Vermelho D&D Metal Bivolt CE02V;Eletrodomesticos;Cooktops;;D&D METAL;D&D METAL
Cooktop a Gás 5 Bocas Acendimento Automático Preto Fornello;Eletrodomesticos;Cooktops;;D&D METAL;BEL SPORTS
Cooktop a Gás 5 Bocas Mega Chama Bivolt D&D Metal CE05PR;Eletrodomesticos;Cooktops;;D&D METAL;D&D METAL
Cooktop a Gás 5 Bocas Mega Chama Bivolt D&D Metal CE05VE;Eletrodomesticos;Cooktops;;D&D METAL;D&D METAL
Cooktop a Gás 5 Bocas Mega Chama Bivolt D&D Metal CE05AM;Eletrodomesticos;Cooktops;;D&D METAL;D&D METAL
Cooktop a Gás 4 Bocas Branco Mega Chama Bivolt D&D Metal;Eletrodomesticos;Cooktops;;D&D METAL;D&D METAL
Fogão Cooktop a Gás Fornello 5 Bocas Amarelo Fornello Bivolt;Eletrodomesticos;Cooktops;;FORNELLO;FORNELLO
Fogão Cooktop A Gás 5 Bocas Branco Fornello Bivolt;Eletrodomesticos;Cooktops;;FORNELLO;FORNELLO
Fogão Cooktop A Gás Fornello 4 Bocas Branco Bivolt;Eletrodomesticos;Cooktops;;FORNELLO;FORNELLO
Fogão Cooktop a Gás 4 Bocas Amarelo Fornello Bivolt;Eletrodomesticos;Cooktops;;FORNELLO;FORNELLO
Fogão Cooktop de Embutir 2 Bocas Inox GLP D&D Metal;Eletrodomesticos;Cooktops;;D&D METAL;D&D METAL
Cooktop A Gás Gorenje 5 Bocas 90Cm Inox 220V Gw951X-Br;Eletrodomesticos;Cooktops;;GORENJE;GORENJE
Cooktop Suggar 1 Boca Trich Ferro Fundido Vidro Preto Bivolt Fg0101fvp única Unico;Eletrodomesticos;Cooktops;;SUGGAR;SUGGAR
Cooktop Suggar Barbecue Ferro Fundido Inox 220v Ck0002ix única único;Eletrodomesticos;Cooktops;;SUGGAR;SUGGAR
Cooktop A Gás Brastemp Gourmand 5 Queimadores Inox 75Cm 220V Bdk75Drbna;Eletrodomesticos;Cooktops;;BRASTEMP;BRASTEMP
Cooktop Brastemp Ative 5 Bocas Preto Bivolt;Eletrodomesticos;Cooktops;;BRASTEMP;BRASTEMP
Cooktop 4 Bocas Fit Line Gás Wk06 Fischer Preto Bivolt;Eletrodomesticos;Cooktops;;FISCHER;FISCHER
Cooktop Touch Electrolux 4 Bocas Indução Ie80p Preto 220v;Eletrodomesticos;Cooktops;;ELECTROLUX;ELECTROLUX
Cooktop Brastemp 5 Bocas Gourmand Bdk90Dr Inox 220V;Eletrodomesticos;Cooktops;;BRASTEMP;BRASTEMP
Cooktop Brastemp 5 Bocas Superautomático Gourmand Bdk75 Inox 220V;Eletrodomesticos;Cooktops;;BRASTEMP;BRASTEMP
Cooktop Mueller 4 Bocas Com Queimador Ultra Chama G5 Preto Bivolt;Eletrodomesticos;Cooktops;;MUELLER;MUELLER
Cooktop Brastemp 4 Bocas Acendimento Automático Preto Bivolt;Eletrodomesticos;Cooktops;;BRASTEMP;BRASTEMP
Cooktop Consul 4 Bocas Facilite Controle Fácil Preto Bivolt;Eletrodomesticos;Cooktops;;CONSUL;CONSUL
Cooktop Dako Supreme 4 Bocas Tripla Chama Preto Bvolt;Eletrodomesticos;Cooktops;;DAKO;DAKO
Cooktop Brastemp 5 Bocas Superautomático Gourmand Bdk75 Inox 220V;Eletrodomesticos;Cooktops;;BRASTEMP;BRASTEMP
Cooktop Mueller 4 Bocas Com Queimador Ultra Chama G5 Preto Bivolt;Eletrodomesticos;Cooktops;;MUELLER;MUELLER
Cooktop Mueller 5 Bocas Com Queimador Tripla Chama Wk26 60.1270.004 Preto Bivolt;Eletrodomesticos;Cooktops;;MUELLER;MUELLER
Cooktop A Gás 4 Bocas Automático Facilite Cd060 Consul Preto Bivolt;Eletrodomesticos;Cooktops;;CONSUL;CONSUL
Cooktop 5 Bocas Cd075 Facilite Consul Preto Bivolt;Eletrodomesticos;Cooktops;;CONSUL;CONSUL
Cooktop Supreme 5 Bocas Com Mesa De Vidro E Tripla Chama Dako Atlas Preto Bivolt;Eletrodomesticos;Cooktops;;ATLAS;ATLAS
Cooktop Supreme 4 Bocas Com Mesa De Vidro E Tripla Chama Dako Atlas Preto Bivolt;Eletrodomesticos;Cooktops;;ATLAS;ATLAS
Cooktop 5 Bocas Cd075 Facilite Consul Preto Bivolt;Eletrodomesticos;Cooktops;;CONSUL;CONSUL
Fogão De Mesa Cooktop Fg5135ix à Gás 5 Bocas Suggar Inox Bivolt;Eletrodomesticos;Cooktops;;SUGGAR;SUGGAR
Cooktop Suggar 5 Bocas Esmaltado Tripla Chama Fg5305 Avp Preto;Eletrodomesticos;Cooktops;;SUGGAR;SUGGAR
Cooktop 5 Bocas Com Tripla Chama Em Ferro Fundido Fg5335vp Suggar Preto Bivolt;Eletrodomesticos;Cooktops;;SUGGAR;SUGGAR
Fogão Cooktop 5 Bocas Tripla Chama Vermelho Bivolt Chamalux;Eletrodomesticos;Cooktops;;CHAMALUX;CHAMALUX
Fogão Cooktop 5 Bocas Tripla Chama Azul Bivolt Chamalux;Eletrodomesticos;Cooktops;;CHAMALUX;CHAMALUX
Cooktop 4 Bocas Chamalux Ultra Chama - Preto;Eletrodomesticos;Cooktops;;CHAMALUX;CHAMALUX
Cooktop 5 Bocas Tripla Chama Chamalar - Marmorizado Rosa;Eletrodomesticos;Cooktops;;CHAMALAR;CHAMALAR
Cooktop 5 Bocas Tripla Chama Chamalar - Marmorizado Cinza;Eletrodomesticos;Cooktops;;CHAMALAR;CHAMALAR
Cooktop 5 Bocas Tripla Chama Chamalar - Amadeirado Escuro;Eletrodomesticos;Cooktops;;CHAMALAR;CHAMALAR
Cooktop 5 Bocas Chamalux Ultra Chama Em Arame - Vermelho;Eletrodomesticos;Cooktops;;CHAMALUX;CHAMALUX
Cooktop 5 Bocas Chamalux Ultra Chama Em Arame - Rosa;Eletrodomesticos;Cooktops;;CHAMALUX;CHAMALUX
Cooktop 5 Bocas Chamalux Ultra Chama Em Arame - Azul;Eletrodomesticos;Cooktops;;CHAMALUX;CHAMALUX
Cooktop 5 Bocas Tripla Chama Chamalar - Preto Mesclado;Eletrodomesticos;Cooktops;;CHAMALAR;CHAMALAR
Fogão 4 Bocas Portátil A Gás Clarice Junior Inox - Branco-Inox;Eletrodomesticos;Cooktops;;CLARICE;CLARICE
Cooktop A Gás 5 Bocas Mondial Ctg-02 Preto/Prata Bivolt;Eletrodomesticos;Cooktops;;MONDIAL;MONDIAL
Cooktop Mueller 5 Bocas com Queimador Ultra Chama Bivolt;Eletrodomesticos;Cooktops;;MUELLER FOGÕES;MUELLER FOGÕES
Cooktop Mueller 4 Bocas com Queimador Ultra Chama Bivolt;Eletrodomesticos;Cooktops;;MUELLER FOGÕES;MUELLER FOGÕES
Cooktop A Gás 4 Bocas Vidro 55x46 Bivolt Preto Suggar Preto;Eletrodomesticos;Cooktops;;SUGGAR;SUGGAR
Cooktop 2 áreas Elétrico New Dominó Vitrocerâmico Touch Tramontina 94748/022 220 V;Eletrodomesticos;Cooktops;;TRAMONTINA;TRAMONTINA
Cooktop 4 Áreas Elétrico Vitrocerâmico Comando Touch New 220V;Eletrodomesticos;Cooktops;;TRAMONTINA;TRAMONTINA
Cooktop 5 Bocas Tramontina Vidro Temperador Branco TRI 90;Eletrodomesticos;Cooktops;;TRAMONTINA;TRAMONTINA
Cooktop A Gás Stelar 5q Soft Tripla Chama Preto Bivolt;Eletrodomesticos;Cooktops;;STELAR;STELAR
Fogão Elétrico Portátil 2 Bocas 2000w Cook For 2 Elgin 127v;Eletrodomesticos;Cooktops;;ELGIN;ELGIN
Fogão Elétrico Portátil 2 Bocas 2000w Cook For 2 Elgin 220v;Eletrodomesticos;Cooktops;;ELGIN;ELGIN
Fogão Elétrico De Mesa Fm 2 Bocas Agratto 110v;Eletrodomesticos;Cooktops;;AGRATTO;AGRATTO
Cooktop Elétrico Inox Barbecue Churrasqueira C/ Grelha Ck000 Bivolt;Eletrodomesticos;Cooktops;;SUGGAR;SUGGAR
Cooktop De Indução Portátil 1500w Eos Cheff Gourmet Eci01pp Preto 110v;Eletrodomesticos;Cooktops;;EOS;EOS
Fogão De Mesa Cooktop 4B Vidro Preto à Gás Suggar Fg4004avp;Eletrodomesticos;Cooktops;;SUGGAR;SUGGAR
Fogão De Mesa Cooktop 2 Bocas Vidro Preto à Gás Suggar Fg2002fvp;Eletrodomesticos;Cooktops;;SUGGAR;SUGGAR
Cooktop Vidro Branco 5 Queimadores Suggar Fg5305abr;Eletrodomesticos;Cooktops;;SUGGAR;SUGGAR
Cooktop Mueller 5 Bocas Com Queimador Tripla Chama Wk26 60.1270.004 Preto Bivolt;Eletrodomesticos;Cooktops;;MUELLER;MUELLER
Cooktop Brastemp 5 Bocas Superautomático Gourmand Inox 220V;Eletrodomesticos;Cooktops;;BRASTEMP;BRASTEMP
Cooktop 4 Bocas Acendimento Automático Fischer Preto Bvolt;Eletrodomesticos;Cooktops;;FISCHER;FISCHER
Cooktop 4 Bocas Fit Line Gás Wk06 Fischer Preto Bvolt;Eletrodomesticos;Cooktops;;FISCHER;FISCHER
Cooktop Touch Electrolux 4 Bocas Indução Ie80p Preto 220v;Eletrodomesticos;Cooktops;;ELECTROLUX;ELECTROLUX
Cooktop Brastemp 4 Bocas Acendimento Automático E Discos Esmaltados Bdd61ae Preto Bivolt;Eletrodomesticos;Cooktops;;BRASTEMP;BRASTEMP
Cooktop Mueller 4 Bocas Com Queimador Ultra Chama G5 Preto Bivolt;Eletrodomesticos;Cooktops;;MUELLER;MUELLER
Cooktop Mueller 4 Bocas Com Queimador Ultra Chama G5 Preto Bivolt;Eletrodomesticos;Cooktops;;MUELLER;MUELLER
Cooktop 5 Bocas Consul Preto Bvolt;Eletrodomesticos;Cooktops;;CONSUL;CONSUL
Cooktop Brastemp Ative 5 Bocas Acendimento Super Automático Bdd75 Preto Bvolt;Eletrodomesticos;Cooktops;;BRASTEMP;BRASTEMP
Cooktop Consul 4 Bocas Facilite Botão Controle Fácil Cd060 Preto Bvolt;Eletrodomesticos;Cooktops;;CONSUL;CONSUL
Cooktop Dako Supreme 4 Bocas Tripla Chama Preto Bivolt;Eletrodomesticos;Cooktops;;DAKO;DAKO
Fogao Fischer Cooktop 4bcs Fit Line Gas Mesa Vd 26342.57175 Preto Bivolt;Eletrodomesticos;Cooktops;;FISCHER;FISCHER
Fogao Fischer Cooktop 5bcs Tc Fit Line Gas Mesa Vd 26300.57079 Preto Bivolt;Eletrodomesticos;Cooktops;;FISCHER;FISCHER
Depurador Colormaq 80Cm Cook 501.1.002.1 Branco 127V;Eletrodomesticos;Cooktops;;COLORMAQ;COLORMAQ
Fogão Cooktop Elétrico 1 Prato De Mesa 1500w Agratto Fma 110V;Eletrodomesticos;Cooktops;;AGRATTO;AGRATTO
Fogão Cooktop Elétrico 2 Pratos De Mesa 2000w Agratto Fm 110V;Eletrodomesticos;Cooktops;;AGRATTO;AGRATTO
Fogão Eletrico De Mesa 2 Pratos Fmp Preto Agratto - 220v 220v;Eletrodomesticos;Cooktops;;AGRATTO;AGRATTO
Cooktop A Gás, 5 Bocas, Mondial, Preto/inox, Bivolt - Ctg-03;Eletrodomesticos;Cooktops;;MONDIAL;MONDIAL
Fogão Cooktop Elétrica Mondial Fast Cook Fe-04 Inox - 220v 220v;Eletrodomesticos;Cooktops;;MONDIAL;MONDIAL
Fogão Cooktop Elétrica Mondial Fast Cook Fe-04 Inox - 110v 110v;Eletrodomesticos;Cooktops;;MONDIAL;MONDIAL
Fogão Elétrico De Mesa 2 Pratos Agratto 220v;Eletrodomesticos;Cooktops;;AGRATTO;AGRATTO
Fogão Cooktop Elétrica Mondial Fast Cook Fe-04 Inox - 220v 220v;Eletrodomesticos;Cooktops;;MONDIAL;MONDIAL
Fogão Cooktop Elétrico 1 Prato De Mesa 1500w Agratto Fma - 110v;Eletrodomesticos;Cooktops;;AGRATTO;AGRATTO
Fogão Cooktop Elétrico 1 Prato De Mesa 1500w Agratto Fma - 220v;Eletrodomesticos;Cooktops;;AGRATTO;AGRATTO
Cooktop de Indução Homemade 4 Queimadores Gorenje 220v;Eletrodomesticos;Cooktops;;GORENJE;GORENJE
Cooktop 4 Bocas a Gás com Acendimento Superautomático Fischer Preto Bivolt 1519-5713;Eletrodomesticos;Cooktops;;FISCHER;FISCHER
Fogão Elétrico De Mesa Fm 2 Bocas Agratto 110v;Eletrodomesticos;Cooktops;;AGRATTO;AGRATTO
Cooktop Suggar 1 Boca Trich Ferro Fundido Vidro Preto Bivolt Fg0101fvp única Unico;Eletrodomesticos;Cooktops;;SUGGAR;SUGGAR
Cooktop 5 Bocas Preto Com Mesa De Vidro Atlas U Top Bivolt;Eletrodomesticos;Cooktops;;ATLAS;ATLAS
Cooktop Portátil De Indução 1 Zona 127v Suggar;Eletrodomesticos;Cooktops;;SUGGAR;SUGGAR
Fogão Elétrico De Mesa Agratto Fm01 Cinza 127v;Eletrodomesticos;Cooktops;;AGRATTO;AGRATTO
Fogão Elétrico De Mesa 2 Bocas 220v;Eletrodomesticos;Cooktops;;BAK;BAK
Fogão Elétrico Agratto Fma01 1500w Cinza 127v [f002];Eletrodomesticos;Cooktops;;AGRATTO;AGRATTO
Fogão Elétrico Agratto Fma01 1500w Cinza 127v;Eletrodomesticos;Cooktops;;AGRATTO;AGRATTO
Cooktop Brastemp 4 Bocas Acendimento Automático E Discos Esmaltados Bdd61ae Preto Bivolt;Eletrodomesticos;Cooktops;;BRASTEMP;BRASTEMP
Cooktop Portátil Indução Mono Slim Touch Ei30 127v Vitrocerâmico 94714-131 Tramontina;Eletrodomesticos;Cooktops;;TRAMONTINA;TRAMONTINA
Cooktop Brastemp 4 Bocas Acendimento Automático Preto Bivolt;Eletrodomesticos;Cooktops;;BRASTEMP;BRASTEMP
Fogão Cooktop 4 Bocas A Gás Mondial Ctg-01 Preto/inox Bivolt 110v/220v;Eletrodomesticos;Cooktops;;MONDIAL;MONDIAL
Fogão Cooktop 5 Bocas A Gás Mondial Ctg-02 Preto/inox Bivolt 110v/220v;Eletrodomesticos;Cooktops;;MONDIAL;MONDIAL
Fogão Cooktop 4 Bocas A Gás Mondial Ctg-01 Preto/inox Bivolt 110v/220v;Eletrodomesticos;Cooktops;;MONDIAL;MONDIAL
Fogão Cooktop 5 Bocas A Gás Mondial Ctg-02 Preto/inox Bivolt 110v/220v;Eletrodomesticos;Cooktops;;MONDIAL;MONDIAL
Fogão Cooktop 4 Bocas A Gás Mondial Ctg-01 Preto/inox Bivolt 110v/220v;Eletrodomesticos;Cooktops;;MONDIAL;MONDIAL
Dominó Elétrico 2 Zonas 38cm 220v Cuisinart Arkton Preto;Eletrodomesticos;Cooktops;;CUISINART;CUISINART
Cooktop Portátil Indução Tramontina Slim Touch Ei 30 220v;Eletrodomesticos;Cooktops;;TRAMONTINA;TRAMONTINA
Cooktop Touch Electrolux 4 Bocas Indução Ie80p Preto 220v;Eletrodomesticos;Cooktops;;ELECTROLUX;ELECTROLUX
Fogão Elétrico Fame Com 1 Pratos 127v 1000w;Eletrodomesticos;Cooktops;;FAME BRASIL;FAME BRASIL
Fogão Elétrico Fame Com 2 Pratos 127v 2000w;Eletrodomesticos;Cooktops;;FAME BRASIL;FAME BRASIL
Cooktop A Gás Tramontina Penta Ff 5gx Tri 75 Inox;Eletrodomesticos;Cooktops;;TRAMONTINA;TRAMONTINA
Cooktop Atalanta 5 Bocas Preto - Realce;Eletrodomesticos;Cooktops;;REALCE;REALCE
Cooktop Atalanta 4 Bocas Preto - Realce;Eletrodomesticos;Cooktops;;REALCE;REALCE
Fogao Baixa Pressao 02 Bocas Jolly Branco;Eletrodomesticos;Cooktops;;JOLLY;JOLLY
Cooktop Elétrico Inox Barbecue Churrasqueira C/ Grelha Ck000 Bivolt;Eletrodomesticos;Cooktops;;SUGGAR;SUGGAR
Fogão Cooktop Elétrica Mondial Fast Cook Fe-04 Inox - 110v 110v;Eletrodomesticos;Cooktops;;MONDIAL;MONDIAL
Cooktop Elétrico Fischer 4q Com 4 Bocas Preto 220v;Eletrodomesticos;Cooktops;;FISCHER;FISCHER
Cooktop Suggar 4q Indução Flex 220v Fg4002vc;Eletrodomesticos;Cooktops;;SUGGAR;SUGGAR
Fogão Cooktop Fischer 5q Gás Mesa Vidro Preto Bivolt;Eletrodomesticos;Cooktops;;FISCHER;FISCHER
Fogão Cooktop Fischer 5q Tripla Chama Gás Mesa Vidro Preto Bivolt;Eletrodomesticos;Cooktops;;FISCHER;FISCHER
Fogão Elétrico Portátil 2 Bocas 2000w Cook For 2 Elgin 127v;Eletrodomesticos;Cooktops;;ELGIN;ELGIN
Cooktop Realce Atalanta 5 Bocas Atalanta Preto Bivolt;Eletrodomesticos;Cooktops;;ESPACIO MÓVEIS BAR;ESPACIO MÓVEIS BAR
Cooktop Brastemp 4q Indução Função Especial Bdj60bebna 220V;Eletrodomesticos;Cooktops;;BRASTEMP;BRASTEMP
Cooktop Indução Suggar 1 Queimador Vitrocerâmico Preto 110v;Eletrodomesticos;Cooktops;;OUTRAS MARCAS;OUTRAS MARCAS
Fogão Elétrico De Mesa Agratto Fm01 Cinza 127v;Eletrodomesticos;Cooktops;;AGRATTO;AGRATTO
Fogão Elétrico De Mesa Agratto Fmp-01 2 Pratos Preto 127v;Eletrodomesticos;Cooktops;;AGRATTO;AGRATTO
Fogao De Mesa 4 Bocas A Gas Realce Apolo Acendimento Manual Branco;Eletrodomesticos;Cooktops;;Realce Eletrodomésticos;Realce Eletrodomésticos
Fogão Cooktop Fischer 5 Bocas Tripla Chama Infinity Vermelho Rouge 26298-62471 Bivolt;Eletrodomesticos;Cooktops;;FISCHER;FISCHER
Cooktop Mueller 4 Bocas Com Queimador Ultra Chama Mcg114bg1;Eletrodomesticos;Cooktops;;MUELLER;MUELLER
Cooktop Mueller 4 Bocas Com Queimador Tripla Chama Mcg134bg1;Eletrodomesticos;Cooktops;;MUELLER;MUELLER
Fogão Cooktop Fischer 4 Queimadores Bocas Por Indução Mesa Vitrocerâmica 220v 25943-56251;Eletrodomesticos;Cooktops;;FISCHER;FISCHER
Fogão Cooktop Elétrico 1 Prato De Mesa 1500w Agratto Fma - 110v;Eletrodomesticos;Cooktops;;AGRATTO;AGRATTO
Fogão Cooktop Elétrico 1 Prato De Mesa 1500w Agratto Fma - 220v;Eletrodomesticos;Cooktops;;AGRATTO;AGRATTO
Cooktop Portátil Por Indução Philco Pct12p Com 1 Boca Preto Bivolt;Eletrodomesticos;Cooktops;;PHILCO;PHILCO
Cooktop Mueller 4 Bocas Com Queimador Ultra Chama G5 Preto Bivolt;Eletrodomesticos;Cooktops;;MUELLER;MUELLER
Cooktop de Indução Philco PCTQ1 Função Turbo 220v;Eletrodomesticos;Cooktops;;PHILCO;PHILCO
Fogão Elétrico De Mesa 127V Fm01 Cinza Agratto;Eletrodomesticos;Cooktops;;AGRATTO;AGRATTO
Cooktop Portátil Por Indução Fischer 1q Com 1 Boca Preto 220v;Eletrodomesticos;Cooktops;;FISCHER;FISCHER
Fogao Eletrico Com 2 Bocas Preto 1900w 110v Tf-ae10500;Eletrodomesticos;Cooktops;;TELEFUNKEN;TELEFUNKEN
Dominó A Gás 2 Queimadores 30cm 220v Cuisinart Prime Aço Inox;Eletrodomesticos;Cooktops;;CUISINART;CUISINART
Fogão Portátil Elétrico 2 Bocas 2.000 Watts Bivolt;Eletrodomesticos;Cooktops;;FIX;FIX
Cooktop Gás 5 Queimadores Gt75x Tripla Chama Inox Electrolux Bivolt;Eletrodomesticos;Cooktops;;ELECTROLUX;ELECTROLUX
Cooktop Gás 5 Queimadores Gt75x Tripla Chama Inox Electrolux Bivolt;Eletrodomesticos;Cooktops;;ELECTROLUX;ELECTROLUX
Cooktop Mueller 4 Bocas Com Queimador Ultra Chama G5 Preto Bivolt;Eletrodomesticos;Cooktops;;MUELLER;MUELLER
Cooktop Essencial Com 5 Queimadores Preto Itatiaia Preto;Eletrodomesticos;Cooktops;;ITATIAIA;ITATIAIA
Dominó Indução 2 Zonas 38cm 220v Cuisinart Arkton Preto;Eletrodomesticos;Cooktops;;CUISINART;CUISINART
Fogão Cooktop Fischer 5 Bocas Platinium 33810-92122 Bivolt;Eletrodomesticos;Cooktops;;FISCHER;FISCHER
Cooktop 4 Bocas Brastemp Com Grades Piatina E Acendimento Automático BDD61AE;Eletrodomesticos;Cooktops;;BRASTEMP;BRASTEMP
Cooktop A Gás Suggar Trich Lateral Ferro Fundido 5 Queimadores Preto Inox Bivolt FG5335FVPIX;Eletrodomesticos;Cooktops;;SUGGAR;SUGGAR
Cooktop 5 Bocas Brastemp Gourmand Inox BDK75DR 220V;Eletrodomesticos;Cooktops;;BRASTEMP;BRASTEMP
Depurador Slim 90cm Philco 220V PDR90I;Eletrodomesticos;Depuradores de Ar;;PHILCO;PHILCO
Depurador E Exaustor Philco 80cm Pdr80p 3 Velocidades Preto 127v;Eletrodomesticos;Depuradores de Ar;;PHILCO;PHILCO
Depurador Slim Philco 90cm Preto 220V Pdr90p;Eletrodomesticos;Depuradores de Ar;;PHILCO;PHILCO
Depurador Slim de Parede 60cm Branco Suggar 220v DI602BR;Eletrodomesticos;Depuradores de Ar;;SUGGAR;Depurador
Depurador De Ar Suggar Slim 60 Cm Inox 110v Dps161ix;Eletrodomesticos;Depuradores de Ar;;SUGGAR;SUGGAR
Depurador De Ar Touch Suggar 80 Cm Inox 220v Dth82ix Unica único;Eletrodomesticos;Depuradores de Ar;;SUGGAR;SUGGAR
Depurador De Ar Suggar Slim De Embutir 60cm Preto 220V DE62THPT;Eletrodomesticos;Depuradores de Ar;;SUGGAR;SUGGAR
Depurador De Ar Suggar Slim De Embutir 60 Cm Preto 110V DE61THPT;Eletrodomesticos;Depuradores de Ar;;SUGGAR;SUGGAR
Depurador De Ar Suggar Slim De Embutir 80cm Preto 220V DE82THPT;Eletrodomesticos;Depuradores de Ar;;SUGGAR;SUGGAR
Depurador De Ar Suggar Slim De Embutir 60 Cm Preto 110V DE61THPT;Eletrodomesticos;Depuradores de Ar;;SUGGAR;SUGGAR
Depurador De Ar Suggar Slim De Embutir 80cm Preto 220V DE82THPT;Eletrodomesticos;Depuradores de Ar;;SUGGAR;SUGGAR
Depurador De Ar Suggar 6 Bocas Slim 80cm Prata 127v;Eletrodomesticos;Depuradores de Ar;;SUGGAR;SUGGAR
Depurador De Ar Suggar 6 Bocas Slim 80cm Inox 127v;Eletrodomesticos;Depuradores de Ar;;SUGGAR;SUGGAR
Depurador De Ar Suggar 6 Bocas Slim 80cm Preto 127v;Eletrodomesticos;Depuradores de Ar;;SUGGAR;SUGGAR
Depurador De Ar Suggar Slim 4 Bocas 60 Cm Preto 127V;Eletrodomesticos;Depuradores de Ar;;SUGGAR;SUGGAR
Depurador De Ar Suggar 4 Bocas Slim 60cm Inox 220v;Eletrodomesticos;Depuradores de Ar;;SUGGAR;SUGGAR
Depurador De Ar Suggar Slim 4 Bocas 60 Cm Prata 220V;Eletrodomesticos;Depuradores de Ar;;SUGGAR;SUGGAR
Depurador De Ar 4 Bocas 60cm Electrolux Inox 110v;Eletrodomesticos;Depuradores de Ar;;ELECTROLUX;ELECTROLUX
Depurador Atlas 4 Bocas U.top 60 Cm Inox 127 V;Eletrodomesticos;Depuradores de Ar;;DAKO;DAKO
Depurador Atlas 5 Bocas U.top 80 Cm Inox 220 V;Eletrodomesticos;Depuradores de Ar;;DAKO;DAKO
Depurador De Ar Suggar 6 Bocas Slim 80cm Inox 127v;Eletrodomesticos;Depuradores de Ar;;SUGGAR;SUGGAR
Depurador Atlas 5 Bocas U.top 80 Cm Inox 127 V;Eletrodomesticos;Depuradores de Ar;;DAKO;DAKO
Depurador De Ar Slim 80Cm Dps182Pt 220V Suggar Preto 220V;Eletrodomesticos;Depuradores de Ar;;SUGGAR;SUGGAR
Depurador De Ar Slim 60Cm Dps162Pt 220V Suggar Preto 220V;Eletrodomesticos;Depuradores de Ar;;SUGGAR;SUGGAR
Depurador De Ar Slim 80Cm Dps182Pt 220V Suggar Preto 220V;Eletrodomesticos;Depuradores de Ar;;SUGGAR;SUGGAR
Depurador Electrolux De80b Branco 110v;Eletrodomesticos;Depuradores de Ar;;ELECTROLUX;ELECTROLUX
Depurador De60x Filtro Metálico Electrolux Inox 110v;Eletrodomesticos;Depuradores de Ar;;ELECTROLUX;ELECTROLUX
Depurador De Ar Slim 60cm Bivolt Branco Suggar;Eletrodomesticos;Depuradores de Ar;;SUGGAR;SUGGAR
Depurador De Ar Slim 80 Cm Preto 220v Suggar Dps182pt;Eletrodomesticos;Depuradores de Ar;;SUGGAR;SUGGAR
Depurador De Ar Vidrio 90 Cm Preto 127v Suggar Dv91pt;Eletrodomesticos;Depuradores de Ar;;SUGGAR;SUGGAR
Depurador De Ar Slim 60 Cm Branco 220v Suggar Dps162br;Eletrodomesticos;Depuradores de Ar;;SUGGAR;SUGGAR
Depurador De Ar 4 Bocas 3 Velocidades Electrolux Branco 110v;Eletrodomesticos;Depuradores de Ar;;ELECTROLUX PORTATEIS;ELECTROLUX PORTATEIS
Depurador De Ar Suggar Slim 4 Bocas 60 Cm Preto 220v;Eletrodomesticos;Depuradores de Ar;;SUGGAR;SUGGAR
Depurador De Ar Suggar 6 Bocas Slim 80cm Inox Inox 127v;Eletrodomesticos;Depuradores de Ar;;SUGGAR;SUGGAR
Depurador De Ar Suggar 6 Bocas Slim 80cm Prata 127v;Eletrodomesticos;Depuradores de Ar;;SUGGAR;SUGGAR
Depurador De Ar Suggar 6 Bocas Slim 80cm Preto 127v;Eletrodomesticos;Depuradores de Ar;;SUGGAR;SUGGAR
Depurador De Ar Suggar Slim 4 Bocas 60 Cm Prata 220v;Eletrodomesticos;Depuradores de Ar;;SUGGAR;SUGGAR
Depurador De Ar Suggar Slim 4 Bocas 60 Cm Preto 127v;Eletrodomesticos;Depuradores de Ar;;SUGGAR;SUGGAR
Depurador Colormaq 4 Bocas Cook 60 Cm Bf Cde60mbpbn Preto 220v;Eletrodomesticos;Depuradores de Ar;;COLORMAQ;COLORMAQ
Depurador Atlas 4 Bocas U.top 60 Cm Inox 127 V;Eletrodomesticos;Depuradores de Ar;;DAKO;DAKO
Depurador Atlas 5 Bocas U.top 80 Cm Inox 127 V;Eletrodomesticos;Depuradores de Ar;;DAKO;DAKO
Depurador Atlas 5 Bocas U.top 80 Cm Inox 220 V;Eletrodomesticos;Depuradores de Ar;;DAKO;DAKO
Depurador Colormaq 60cm Cook 501.1.001.1 Branco 127v;Eletrodomesticos;Depuradores de Ar;;COLORMAQ;COLORMAQ
Depurador de Sobrepor Compact 60cm Safanelli Branco 110V;Eletrodomesticos;Depuradores de Ar;;SAFANELLI;SAFANELLI
Depurador De Ar Suggar 6 Bocas Slim 80cm Inox 127v;Eletrodomesticos;Depuradores de Ar;;SUGGAR;SUGGAR
Depurador De Ar Suggar 6 Bocas Slim 80cm Preto 127v;Eletrodomesticos;Depuradores de Ar;;SUGGAR;SUGGAR
Depurador De Ar Suggar Slim 4 Bocas 60 Cm Preto 127V;Eletrodomesticos;Depuradores de Ar;;SUGGAR;SUGGAR
Depurador De Ar Suggar 6 Bocas Slim 80cm Inox Inox 127v;Eletrodomesticos;Depuradores de Ar;;SUGGAR;SUGGAR
Depurador De Ar Suggar 6 Bocas Slim 80cm Preto 127v;Eletrodomesticos;Depuradores de Ar;;SUGGAR;SUGGAR
Depurador De Ar Vidrio 90 Cm Preto 127v Suggar Dv91pt;Eletrodomesticos;Depuradores de Ar;;SUGGAR;SUGGAR
Depurador Exaustor Slim 60cm Branco Dps161br Suggar 127v;Eletrodomesticos;Depuradores de Ar;;SUGGAR;SUGGAR
Depurador De Ar 4 Bocas 60cm Electrolux Inox 110v;Eletrodomesticos;Depuradores de Ar;;ELECTROLUX;ELECTROLUX
Depurador De Ar Suggar Slim 60 Cm Inox 110v Dps161ix;Eletrodomesticos;Depuradores de Ar;;SUGGAR;SUGGAR
Depurador De Ar Suggar Slim De Embutir 60cm Preto 220V DE62THPT;Eletrodomesticos;Depuradores de Ar;;SUGGAR;SUGGAR
Depurador De Ar Suggar Slim De Embutir 60 Cm Preto 110V DE61THPT;Eletrodomesticos;Depuradores de Ar;;SUGGAR;SUGGAR
Depurador De Ar Suggar Slim De Embutir 80cm Preto 220V DE82THPT;Eletrodomesticos;Depuradores de Ar;;SUGGAR;SUGGAR
Depurador de Ar Suggar Slim 80cm 105w 3 Velocidades Prata 110V DI80;Eletrodomesticos;Depuradores de Ar;;SUGGAR;SUGGAR
Fogão Monaco Plus 4bcs 300000714 Atlas Preto Bivolt;Eletrodomesticos;Fogoes;;ATLAS;ATLAS
Fogão Monaco Plus 4bcs 300000714 Atlas Preto Bivolt;Eletrodomesticos;Fogoes;;ATLAS;ATLAS
Fogao Eletrico Com 2 Bocas 2400w 220v Tf-ae12500v;Eletrodomesticos;Fogoes;;TELEFUNKEN;TELEFUNKEN
Fogão Monaco Plus 4bcs 300000714 Atlas Preto Bivolt;Eletrodomesticos;Fogoes;;ATLAS;ATLAS
Forno Elétrico Rotisserie 46 Litros Philco 127V;Eletrodomesticos;Fornos;;PHILCO;PHILCO
Forno Elétrico Philco 3 Em 1 Pfe09v Forno, Cafeteira E Grill 220V;Eletrodomesticos;Fornos;;PHILCO;PHILCO
Forno Elétrico Philco 3 Em 1 Pfe09v Forno, Cafeteira E Grill 220V;Eletrodomesticos;Fornos;;PHILCO;PHILCO
Forno Elétrico De Embutir Britânia Bfe47p 47l Limpeza-prática 127v;Eletrodomesticos;Fornos;;BRITÂNIA;BRITÂNIA
Kit Forno Fryer French Door e Processador Oster Up & Down 127V;Eletrodomesticos;Fornos;;OSTER;OSTER
Forno Elétrico de Embutir Oster Semi Digital Black Inox 74L 220V;Eletrodomesticos;Fornos;;SEM MARCA;SEM MARCA
Kit Forno Fryer French Door e Processador Oster Up & Down 127V;Eletrodomesticos;Fornos;;OSTER;OSTER
Forno E Fritadeira Sem óleo 2 em 1 Oster 42L French Door 127V;Eletrodomesticos;Fornos;;OSTER;OSTER
Forno e Fryer 15L Oster Multifunções Compact 10 em 1 - 220v;Eletrodomesticos;Fornos;;OSTER;OSTER
Forno Elétrico 38 Litros Philco Pfe42p Preto 127v;Eletrodomesticos;Fornos;;PHILCO;PHILCO
Forno Elétrico De Embutir Brastemp 84 Litros Inox 220v Bot84arbna;Eletrodomesticos;Fornos;;BRASTEMP;BRASTEMP
Forno à Gas de Embutir Electrolux 80L OE8GH Preto 220V;Eletrodomesticos;Fornos;;ELECTROLUX;ELECTROLUX
Forno A Gás De Embutir Electrolux 80l Cinza Oe8gf 220v;Eletrodomesticos;Fornos;;ELECTROLUX;ELECTROLUX
Forno Elétrico De Bancada Suggar 42 Litros Preto 110V Fe4201Pt;Eletrodomesticos;Fornos;;SUGGAR;SUGGAR
Forno Elétrico De Bancada Suggar 50 Litros Preto 110V Fe5011Pt;Eletrodomesticos;Fornos;;SUGGAR;Suggar
Forno Elétrico De Bancada Suggar 42 Litros Preto 220v;Eletrodomesticos;Fornos;;SUGGAR;SUGGAR
Forno Elétrico De Embutir Brastemp 84L Inox 220V;Eletrodomesticos;Fornos;;0;0
Forno Oster 18L Elétrico Vermelho 110V TSSTTV7118R-017;Eletrodomesticos;Fornos;;OSTER;OSTER
Forno A Gás De Embutir Brastemp 78 Litros Inox Espelhado 220v Boa84arrna única único;Eletrodomesticos;Fornos;;BRASTEMP;BRASTEMP
Forno A Gás De Embutir Electrolux 80L Cinza Experience Com Foodsensor Oe8Gf 220V 50807Uba285 Inox;Eletrodomesticos;Fornos;;0;0
Forno De Embutir Elétrico Panasonic 72 Litros Preto 220V Hl-Cx672Brpk Preto;Eletrodomesticos;Fornos;;PANASONIC;PANASONIC
Forno Elétrico Consul Embutir Cob47ar 47 L Prata 220v;Eletrodomesticos;Fornos;;CONSUL;CONSUL
Forno Elétrico De Embutir Cob84Ar 84 Litros Consul Inox 220V;Eletrodomesticos;Fornos;;CONSUL;CONSUL
Forno Elétrico De Embutir Com Grill 44 L Preto 110V;Eletrodomesticos;Fornos;;MUELLER;MUELLER
Forno Elétrico De Embutir Com Grill 44 L Preto 220V;Eletrodomesticos;Fornos;;MUELLER;MUELLER
Forno Elétrico De Bancada Mueller 44 L New Preto 220V;Eletrodomesticos;Fornos;;MUELLER;MUELLER
Forno Eletrico Brastemp 34 Litros De Embutir Inox 220v;Eletrodomesticos;Fornos;;BRASTEMP;BRASTEMP
Forno Elétrico 44 Litros Atlas U.top Embutir Preto 127 V;Eletrodomesticos;Fornos;;ATLAS;ATLAS
Forno Eletrico 50 Litros Fe5012Pt Suggar Preto 220V;Eletrodomesticos;Fornos;;SUGGAR;SUGGAR
Forno Elétrico Bancada 42 Litros Fe4202Pt Suggar Preto 220V;Eletrodomesticos;Fornos;;SUGGAR;SUGGAR
Forno Elétrico Suggar 42 Litros De Baixo Consumo Fe4201pt Preto 110v;Eletrodomesticos;Fornos;;SUGGAR;SUGGAR
Forno Elétrico Oe8eh De Embutir 80L 2749W Electrolux Preto 220V;Eletrodomesticos;Fornos;;ELECTROLUX;ELECTROLUX
Forno Elétrico OE8EW De Embutir 80 Litros Electrolux Preto 220V;Eletrodomesticos;Fornos;;ELECTROLUX;ELECTROLUX
Forno Industrial A Gás Padaria Titanyum Layr;Eletrodomesticos;Fornos;;LAYR;LAYR
Forno Elétrico Crystal Advanced 1750w 46 Litros Inox 110v;Eletrodomesticos;Fornos;;LAYR;LAYR
Forno Elétrico 42L Family Ii Mondial Branco-inox- Fr-42-w 127V;Eletrodomesticos;Fornos;;MONDIAL;MONDIAL
Forno Elétrico Mondial 52L Grand Family II FR-52 127V;Eletrodomesticos;Fornos;;MONDIAL;MONDIAL
Forno Elétrico 52L Grand Family II Mondial Branco/Inox FR-52-W 60hz 220V;Eletrodomesticos;Fornos;;MONDIAL;MONDIAL
Forno Elétrico 42l Family Ii Mondial Preto/inox Fr-42 60hz 127V;Eletrodomesticos;Fornos;;MONDIAL;MONDIAL
Forno Elétrico 42l Family Ii Mondial Preto/inox Fr-42 60hz 220V;Eletrodomesticos;Fornos;;MONDIAL;MONDIAL
Forno Elétrico de Bancada Vidro Espelhado 44L 220V Cinza;Eletrodomesticos;Fornos;;MUELLER FOGÕES;MUELLER FOGÕES
Forno Elétrico de Bancada Sonetto Vidro Espelhado 44L 127V Cinza;Eletrodomesticos;Fornos;;MUELLER FOGÕES;MUELLER FOGÕES
Forno Elétrico de Bancada Vidro Espelhado 44L 220V Cinza;Eletrodomesticos;Fornos;;MUELLER FOGÕES;MUELLER FOGÕES
Forno Elétrico de embutir decorato Preto 44L 127V;Eletrodomesticos;Fornos;;MUELLER FOGÕES;MUELLER FOGÕES
Forno Eletrico De Bancada 42l 127v Preto Suggar Preto 127v;Eletrodomesticos;Fornos;;SUGGAR;SUGGAR
Forno Eletrico De Bancada 50l 127v Preto Suggar Preto;Eletrodomesticos;Fornos;;SUGGAR;SUGGAR
Forno Elétrico Smart Aço Inox 9 Funções 22l 127 V Tramontina;Eletrodomesticos;Fornos;;TRAMONTINA;TRAMONTINA
Forno De Embutir A Gás Glp 50 L Cristallo Giii Venax;Eletrodomesticos;Fornos;;VENAX;VENAX
Kit Forno Elétrico 48 L E Micro-ondas 25 L De Embutir Fit Line Moldura Inox 220 V Fischer;Eletrodomesticos;Fornos;;FISCHER;FISCHER
Kit Forno Elétrico 48 L E Micro-ondas 25 L De Embutir Fit Line Moldura Preta 220 V Fischer;Eletrodomesticos;Fornos;;FISCHER;FISCHER
Forno Elétrico de Embutir Fischer Fit Line Preto 48L 220V;Eletrodomesticos;Fornos;;FISCHER;FISCHER
Kit Forno Elétrico 48L E Micro-ondas 25L De Embutir Fit Line Moldura Branca 220V Fischer;Eletrodomesticos;Fornos;;FISCHER;FISCHER
Forno Elétrico De Embutir Fit Line Frontal Inox 48 L 220 V Fischer;Eletrodomesticos;Fornos;;FISCHER;FISCHER
Forno Elétrico De Embutir Fit Line Frontal Inox 48 L 127 V Fischer;Eletrodomesticos;Fornos;;FISCHER;FISCHER
Forno Elétrico De Embutir Stelar âmbar De 55 Litros Preto 220v;Eletrodomesticos;Fornos;;STELAR;STELAR
Forno Elétrico 50l 1500w Agratto Fe50 Preto 110v;Eletrodomesticos;Fornos;;AGRATTO;AGRATTO
Forno Elétrico 50l 1500w Agratto Fe50 Preto 220v;Eletrodomesticos;Fornos;;AGRATTO;AGRATTO
Forno De Embutir Elétrico Consul 78 Litros Cob84ar 220v;Eletrodomesticos;Fornos;;CONSUL;CONSUL
Forno De Embutir Elétrico Brastemp 84l Cor Inox Espelhado 220v;Eletrodomesticos;Fornos;;BRASTEMP;BRASTEMP
Forno Elétrico 50 Litros Preto Suggar Fe5012pt 220V;Eletrodomesticos;Fornos;;SUGGAR;SUGGAR
Forno Elétrico 50 Litros Preto Suggar Fe5011pt 127V;Eletrodomesticos;Fornos;;SUGGAR;SUGGAR
Forno Elétrico De Embutir Mueller Grill 44L Preto 220V;Eletrodomesticos;Fornos;;MUELLER;MUELLER
Forno Elétrico Brastemp Embutir Inox Bo260ar Inox 220v;Eletrodomesticos;Fornos;;BRASTEMP;BRASTEMP
Forno Eletrico Brastemp 34 Litros De Embutir Inox 220 V;Eletrodomesticos;Fornos;;BRASTEMP;BRASTEMP
Forno Elétrico De Embutir Cob84ar 84 Litros Consul Inox 220v;Eletrodomesticos;Fornos;;CONSUL;CONSUL
Forno Elétrico Embutir 47 Litros Cob47ar Consul Prata 220v;Eletrodomesticos;Fornos;;CONSUL;CONSUL
Forno Elétrico Fischer Premier De Bancada 48l Preto 220v;Eletrodomesticos;Fornos;;FISCHER;FISCHER
Forno Eletrico Suggar 50 Litros Preto 127 V;Eletrodomesticos;Fornos;;SUGGAR;SUGGAR
Forno Elétrico Supreme 44 Litros Dako Preto 127v;Eletrodomesticos;Fornos;;DAKO;DAKO
Forno Elétrico Supreme 44 Litros Dako Titanium 220v;Eletrodomesticos;Fornos;;DAKO;DAKO
Forno Elétrico Supreme 44 Litros Dako Branco 127v;Eletrodomesticos;Fornos;;DAKO;DAKO
Forno Elétrico Mueller Fratello 44 Litros 60.1250.005 Preto Fosco 220v;Eletrodomesticos;Fornos;;MUELLER;MUELLER
Forno Elétrico De Embutir Oe8eh 80 Litros Vidro Duplo Electrolux Preto 220v;Eletrodomesticos;Fornos;;ELECTROLUX;ELECTROLUX
Forno Elétrico De Embutir Mueller Grill 44L Preto 110V;Eletrodomesticos;Fornos;;MUELLER;MUELLER
Forno Micro-ondas Solo 30 Litros Ms3091bc Lg Branco 127v;Eletrodomesticos;Fornos;;LG;LG
Forno Micro-ondas Solo 30 Litros Ms3091bc Lg Branco 127v;Eletrodomesticos;Fornos;;LG;LG
Forno Elétrico Mondial 52l Grand Family Ii - Fr-52 - 220v 220v;Eletrodomesticos;Fornos;;MONDIAL;MONDIAL
Forno Elétrico Mondial 52l Grand Family Ii - Fr-52 - 110v 110v;Eletrodomesticos;Fornos;;MONDIAL;MONDIAL
Forno Elétrico Turbo Convector Maná;Eletrodomesticos;Fornos;;MANÁ;MANÁ
Forno Elétrico De Bancada 9L Black Decker Ft9 - 220V 220V;Eletrodomesticos;Fornos;;BLACK + DECKER;BLACK + DECKER
Forno Elétrico Mondial 52l Grand Family Ii - Fr-52 - 110v 110v;Eletrodomesticos;Fornos;;MONDIAL;MONDIAL
Forno Elétrico Mondial 52l Grand Family Ii - Fr-52 - 220v 220v;Eletrodomesticos;Fornos;;MONDIAL;MONDIAL
Forno Elétrico 42l Family Ii Mondial Preto/inox Fr-42 - 220v - 220V;Eletrodomesticos;Fornos;;MONDIAL;MONDIAL
Forno Elétrico 42l Family Ii Mondial Preto/inox Fr-42 - 110V;Eletrodomesticos;Fornos;;MONDIAL;MONDIAL
Forno De Bancada Elétrico Black+decker Ft50p 50l Preto - 220V;Eletrodomesticos;Fornos;;BLACK + DECKER;BLACK + DECKER
Forno De Bancada Elétrico Black+decker Ft50p 50l Preto - 110V;Eletrodomesticos;Fornos;;BLACK + DECKER;BLACK + DECKER
Forno Elétrico 42l Family Ii Mondial Preto/inox Fr-42 - 220v - 220V;Eletrodomesticos;Fornos;;MONDIAL;MONDIAL
Forno Elétrico De Bancada Suggar 42 Litros Preto 110V Fe4201Pt;Eletrodomesticos;Fornos;;SUGGAR;SUGGAR
Forno Elétrico De Bancada Suggar 50 Litros Preto 110V Fe5011Pt;Eletrodomesticos;Fornos;;SUGGAR;Suggar
Forno de Chapa Galvanizada N°01 Sem Cinzeiro 50x28x20,5cm;Eletrodomesticos;Fornos;;BRASSOL;BRASSOL
Forno de Ferro com Vidro Libaneza Colonial 51x45,5x30,5Cm;Eletrodomesticos;Fornos;;LIBANEZA;LIBANEZA
Forno de Chapa Galvanizada N°02 Sem Cinzeiro 50x30x25cm;Eletrodomesticos;Fornos;;BRASSOL;BRASSOL
Forno de Chapa Galvanizada N°03 Com Cinzeiro 50x35x30cm;Eletrodomesticos;Fornos;;BRASSOL;BRASSOL
Forno Fogão a Lenha N°3 Frente Vidro Sem Cinzeiro 50x35x30cm;Eletrodomesticos;Fornos;;BRASSOL;BRASSOL
Forno Fogão a Lenha Frente em Alumínio Fundido 50x35x30cm;Eletrodomesticos;Fornos;;BRASSOL;BRASSOL
Forno Elétrico Fischer Gourmet Grill 44 Litros - Branco 220V;Eletrodomesticos;Fornos;;FISCHER;FISCHER
Forno Elétrico By Breville Para Pizza Em Aço Carbono Com Base Em Cerâmica 30 Cm 127 V;Eletrodomesticos;Fornos;;TRAMONTINA;TRAMONTINA
Forno Elétrico De Bancada 48 Litros Fogatti Top 48 Black Preto 220v;Eletrodomesticos;Fornos;;NARDELLI;NARDELLI
Forno Fryer Elétrico De Bancada 22 Litros Fogatti Black Preto 220v;Eletrodomesticos;Fornos;;FOGATTI;FOGATTI
Forno Elétrico De Bancada 40 Litros Nardelli Top 40 Black Preto 110v;Eletrodomesticos;Fornos;;NARDELLI;NARDELLI
Forno Elétrico De Bancada 48 Litros Fogatti Top 48 Black Preto 110v;Eletrodomesticos;Fornos;;NARDELLI;NARDELLI
Forno Fryer Elétrico De Bancada 22 Litros Fogatti Black Preto 110v;Eletrodomesticos;Fornos;;FOGATTI;FOGATTI
Forno Elétrico De Bancada 40 Litros Nardelli Top 40 Black Preto 220v;Eletrodomesticos;Fornos;;NARDELLI;NARDELLI
Forno Elétrico Turbo Convector Maná;Eletrodomesticos;Fornos;;MANÁ;MANÁ
Forno Elétrico Britânia 50 Litros com Função Timer Branco BFE50B 127V;Eletrodomesticos;Fornos;;BRITÂNIA;BRITÂNIA
Forno Elétrico de Embutir Fischer Fit Line Preto 48L 220V;Eletrodomesticos;Fornos;;FISCHER;FISCHER
Forno Oster 18L Elétrico Vermelho 110V TSSTTV7118R-017;Eletrodomesticos;Fornos;;OSTER;OSTER
Forno Elétrico De Embutir Fischer 48 Litros Branco Fit Line 34493 127V;Eletrodomesticos;Fornos;;FISCHER;FISCHER
Kit Forno Elétrico 48L E Micro-ondas 25L De Embutir Fit Line Moldura Branca 220V Fischer;Eletrodomesticos;Fornos;;FISCHER;FISCHER
Forno Elétrico De Embutir Brastemp 84L Inox 220V;Eletrodomesticos;Fornos;;0;0
Forno E Fryer Multifunções Oster Ofor160 127v Preto 15l;Eletrodomesticos;Fornos;;OSTER;OSTER
Forno Elétrico 60cm 220v Forno Elétrico Com Air Fryer 60cm 220v Cuisinart Arkton Preto;Eletrodomesticos;Fornos;;CUISINART;CUISINART
Forno Assador Prpe-200 Little Chef 25l Progas Vermelho 110v;Eletrodomesticos;Fornos;;0;
Forno 44l Dako Eletrico Supreme Grill - 300000816 Preto 220 Volts;Eletrodomesticos;Fornos;;DAKO;DAKO
Forno 44l Dako Eletrico Supreme Grill - 300000818 Titanium 220 Volts;Eletrodomesticos;Fornos;;DAKO;DAKO
Forno 44L Dako Eletrico Supreme Grill - 300000820 Branco 220 Volts;Eletrodomesticos;Fornos;;DAKO;DAKO
Forno 44L Dako Eletrico Supreme Grill - 300000816 Preto 220 Volts;Eletrodomesticos;Fornos;;DAKO;DAKO
Forno Eletrico Brastemp 34 Litros De Embutir Inox 220 V;Eletrodomesticos;Fornos;;BRASTEMP;BRASTEMP
Forno De Embutir Elétrico Continental 50l - Limpafácil Oc4em Cor Preto 220v;Eletrodomesticos;Fornos;;CONTINENTAL;CONTINENTAL
Forno Elétrico Mondial 52l Grand Family Ii - Fr-52 - 220v 220v;Eletrodomesticos;Fornos;;MONDIAL;MONDIAL
Forno Elétrico Suggar Fe5011 Com 50 Litros Preto;Eletrodomesticos;Fornos;;SUGGAR;SUGGAR
Forno de Embutir Elétrico 84 Litros Preto com Convecção e Timer Touch Brastemp 220v;Eletrodomesticos;Fornos;;BRASTEMP;BRASTEMP
Forno de Embutir a Gás 78 Litros Preto Brastemp 220v;Eletrodomesticos;Fornos;;BRASTEMP;BRASTEMP
Forno 50l Philco Eletrico Dourador - 106102003 Preto 220 Volts;Eletrodomesticos;Fornos;;BRITÂNIA;BRITÂNIA
Forno Micro-ondas Fischer Grill Embutir 35l 110v 17411-18915;Eletrodomesticos;Fornos;;FISCHER;FISCHER
Forno Fischer Elétrico Embutir 43l Inox 110v 17419-18935;Eletrodomesticos;Fornos;;FISCHER;FISCHER
Forno De Embutir Elétrico Consul 78 Litros Cob84ar 220v;Eletrodomesticos;Fornos;;CONSUL;CONSUL
Forno De Embutir Elétrico Brastemp 84l Cor Inox Espelhado 220v;Eletrodomesticos;Fornos;;BRASTEMP;BRASTEMP
Forno Oster 18L Elétrico Vermelho Tssttv7118r-017 127v;Eletrodomesticos;Fornos;;OSTER;OSTER
Forno Elétrico 42l Family Ii Mondial Preto/inox Fr-42 - 110V;Eletrodomesticos;Fornos;;MONDIAL;MONDIAL
Forno Elétrico De Bancada Mueller Fratello Vermelho 44 Litros 110V;Eletrodomesticos;Fornos;;MUELLER;MUELLER
Forno Elétrico De Bancada Mueller Fratello Grafite 44 Litros 220V;Eletrodomesticos;Fornos;;MUELLER;MUELLER
Forno Elétrico De Bancada Mueller 35 Litros Prata Mfb35f 220V;Eletrodomesticos;Fornos;;MUELLER;MUELLER
Forno Elétrico De Bancada Mueller Fratello Preto Fosco 44 Litros 110V;Eletrodomesticos;Fornos;;MUELLER;MUELLER
Forno Elétrico De Bancada Mueller Sapore Branco 44 Litros 220V;Eletrodomesticos;Fornos;;MUELLER;MUELLER
Forno Elétrico De Bancada Mueller 35 Litros Preto Mfb35f 220V;Eletrodomesticos;Fornos;;MUELLER;MUELLER
Forno Elétrico De Bancada Mueller Sapore Espelhado Inox 44 Litros 220V;Eletrodomesticos;Fornos;;MUELLER;MUELLER
Forno Elétrico De Bancada Mueller Sonetto Vidro Espelhado 44 Litros 110V;Eletrodomesticos;Fornos;;MUELLER;MUELLER
Forno Elétrico De Bancada Mueller Sonetto Titânio 44 Litros 127V;Eletrodomesticos;Fornos;;MUELLER;MUELLER
Forno Elétrico De Bancada Mueller Sapore Preto 44 Litros 220v;Eletrodomesticos;Fornos;;MUELLER;MUELLER
Forno Elétrico De Bancada Mueller Sonetto Branco 44 Litros 110V;Eletrodomesticos;Fornos;;MUELLER;MUELLER
Forno Elétrico De Bancada Mueller Sonetto Preto 44 Litros 110V;Eletrodomesticos;Fornos;;MUELLER;MUELLER
Forno Elétrico Fischer Turbo 2.4 New De Bancada 48 Litros Com Air Fryer 26573 220V;Eletrodomesticos;Fornos;;FISCHER;FISCHER
Forno Elétrico De Bancada Mueller 35 Litros Prata Mfb35f 127v;Eletrodomesticos;Fornos;;MUELLER;MUELLER
Forno Elétrico De Bancada Mueller Sonetto Preto 44 Litros 220v;Eletrodomesticos;Fornos;;MUELLER;MUELLER
Forno Elétrico De Bancada Mueller Sapore Espelhado Inox 44 Litros 110v;Eletrodomesticos;Fornos;;MUELLER;MUELLER
Forno Elétrico De Bancada Mueller Sapore Branco 44 Litros 110v;Eletrodomesticos;Fornos;;MUELLER;MUELLER
Forno Elétrico De Bancada Mueller Sonetto Branco 44 Litros 220v;Eletrodomesticos;Fornos;;MUELLER;MUELLER
Forno Elétrico De Bancada Mueller Fratello Grafite 44 Litros 110v;Eletrodomesticos;Fornos;;MUELLER;MUELLER
Forno Elétrico De Bancada Mueller Fratello Preto Fosco 44 Litros 220v;Eletrodomesticos;Fornos;;MUELLER;MUELLER
Forno Elétrico De Bancada Mueller Sonetto Vidro Espelhado 44 Litros 220v;Eletrodomesticos;Fornos;;MUELLER;MUELLER
Airfryer + Forno Ovenfryer 17l Cuisinart Grill | 127v;Eletrodomesticos;Fornos;;CUISINART;CUISINART
Forno De Bancada Elétrico Black+decker Ft50p 50l Preto - 220V;Eletrodomesticos;Fornos;;BLACK + DECKER;BLACK + DECKER
Forno De Bancada Elétrico Black+decker Ft50p 50l Preto - 110V;Eletrodomesticos;Fornos;;BLACK + DECKER;BLACK + DECKER
Kit Forno Elétrico 48 L E Micro-ondas 25 L De Embutir Fit Line Moldura Inox 220 V Fischer;Eletrodomesticos;Fornos;;FISCHER;FISCHER
Forno e Fryer 15L Oster Multifunções Compact 10 em 1 - 220v;Eletrodomesticos;Fornos;;OSTER;OSTER
Forno De Pizza Em Aço Escovado 17l 127v Cuisinart;Eletrodomesticos;Fornos;;CUISINART;CUISINART
Airfryer + Forno Ovenfryer 17l Cuisinart Grill | 220v;Eletrodomesticos;Fornos;;CUISINART;CUISINART
Forno A Gás E Grill Elétrico 60cm 220v Cuisinart Casual;Eletrodomesticos;Fornos;;CUISINART;CUISINART
Forno A Gás E Grill Elétrico 90cm 220v Cuisinart Prime;Eletrodomesticos;Fornos;;CUISINART;CUISINART
Forno 44 L Fischer Eletrico Pop Grill Bancada - 34313-94809 Preto 220V;Eletrodomesticos;Fornos;;FISCHER;FISCHER
Forno E Grill Elétrico De Embutir 90cm 220v Cuisinart Prime;Eletrodomesticos;Fornos;;CUISINART;CUISINART
Forno E Grill Elétrico 60cm 220v Cuisinart Casual;Eletrodomesticos;Fornos;;CUISINART;CUISINART
Forno Elétrico De Embutir Philco PFE55E 55 Litros Prata 127V;Eletrodomesticos;Fornos;;PHILCO;PHILCO
Forno 36l Eos Eletrico Cheff Gourmet Grill - B164287 Preto 110 Volts;Eletrodomesticos;Fornos;;EOS;EOS
Forno Elétrico Philco 3 Em 1 Pfe09v Forno, Cafeteira E Grill 220V;Eletrodomesticos;Fornos;;PHILCO;PHILCO
Forno Elétrico de Bancada Suggar 50 litros Preto 127V FE5011PT ;Eletrodomesticos;Fornos;;SUGGAR;SUGGAR
Forno Elétrico De Embutir Electrolux 80 Litros Experience Com Foodsensor Cinza OE8GF 220V;Eletrodomesticos;Fornos;;ELECTROLUX;ELECTROLUX
Freezer Horizontal PFZ330B Philco 127V;Eletrodomesticos;Freezers;;PHILCO;PHILCO
Freezer Horizontal Philco 253l 2 Em 1 Pfh260b A E A++ 220v;Eletrodomesticos;Freezers;;PHILCO;PHILCO
Freezer Vertical Philco 147L PFV165B 4 Gavetas 127V;Eletrodomesticos;Freezers;;PHILCO;PHILCO
Freezer Vertical Philco 147L PFV165B 4 Gavetas 220V;Eletrodomesticos;Freezers;;PHILCO;PHILCO
Freezer Vertical Philco 147L PFV165B 4 Gavetas 127V;Eletrodomesticos;Freezers;;PHILCO;PHILCO
Freezer Britânia Horizontal Bfh202b 200 Litros 127v;Eletrodomesticos;Freezers;;BRITÂNIA;BRITÂNIA
Freezer Horizontal 99L Philco PFH105B 2 em 1 127V;Eletrodomesticos;Freezers;;PHILCO;PHILCO
Freezer Horizontal 99L Philco PFH105B 2 em 1 220V;Eletrodomesticos;Freezers;;PHILCO;PHILCO
Freezer Horizontal Philco 299L PFH300B 2 Em 1 A E A+ 127V;Eletrodomesticos;Freezers;;PHILCO;PHILCO
Freezer Horizontal Philco 299l Pfh300b 2 Em 1 A E A+ 220V;Eletrodomesticos;Freezers;;PHILCO;PHILCO
Freezer Horizontal Tampa de Vidro 300l Metalfrio Branco 127V;Eletrodomesticos;Freezers;;METALFRIO;METALFRIO
Freezer Horizontal Dupla Ação 400L Electrolux Branco 127V;Eletrodomesticos;Freezers;;ELECTROLUX;ELECTROLUX
Freezer Horizontal Porta De Vidro 388 L Metalfrio Nf40s Branco 127V;Eletrodomesticos;Freezers;;METALFRIO;METALFRIO
Freezer Vertical Consul 121 Litros Branco 220V CVU18GB;Eletrodomesticos;Freezers;;CONSUL;CONSUL
Freezer Horizontal Inverter 411 Litros Fricon Branco Bivolt;Eletrodomesticos;Freezers;;FRICON;FRICON
Freezer Horizontal Porta de Vidro 311 L Fricon HCEB311-2V000 Branco 220V;Eletrodomesticos;Freezers;;FRICON;FRICON
Freezer Horizontal Porta Vidro 216L Fricon HCEB216V BR 220V;Eletrodomesticos;Freezers;;FRICON;FRICON
Freezer Horizontal Porta Vidro 411L Fricon HCEB411V BR 220V;Eletrodomesticos;Freezers;;FRICON;FRICON
Freezer Horizontal Porta Vidro 503L Fricon HCEB503V BR 220V;Eletrodomesticos;Freezers;;FRICON;FRICON
Freezer Horizontal Porta Vidro 550L Fricon HCEB550V BR 220V;Eletrodomesticos;Freezers;;FRICON;FRICON
Freezer Dupla Ação Philco 99 Litros PFH105B Branco 220V;Eletrodomesticos;Freezers;;PHILCO;PHILCO
Freezer Horizontal 2 Em 1 Philco 143 Litros PFH160B Branco 220V;Eletrodomesticos;Freezers;;PHILCO;PHILCO
Freezer Horizontal Metalfrio Dupla Ação Porta Cega 293 Litros Branco 127V DA302B;Eletrodomesticos;Freezers;;METALFRIO;METALFRIO
Freezer Horizontal Inverter Dupla Ação Metalfrio DA550IFTech 543 Litros Branco Bivolt;Eletrodomesticos;Freezers;;METALFRIO;METALFRIO
Freezer Horizontal Dupla Ação 166L Metalfrio Branco 220v;Eletrodomesticos;Freezers;;METALFRIO;METALFRIO
Freezer Electrolux 1 Porta 320 Litros H330 Branco 110v;Eletrodomesticos;Freezers;;ELECTROLUX;ELECTROLUX
Freezer Horizontal Electrolux Cycle Defrost 513l Com Função Branco 220 V;Eletrodomesticos;Freezers;;ELECTROLUX;ELECTROLUX
Freezer Vertical Cvu20 142 L Consul Branco 110v;Eletrodomesticos;Freezers;;CONSUL;CONSUL
Freezer Vertical 142L 1 Porta Desgelo Manual Cvu20 Consul Branco 220V;Eletrodomesticos;Freezers;;CONSUL;CONSUL
Freezer Horizontal 150 Litros Rcfa12 Midea Branco 220V;Eletrodomesticos;Freezers;;MIDEA;MIDEA
Freezer Horizontal 2 Tampas 534L Rodas Consul Branco 220v;Eletrodomesticos;Freezers;;CONSUL;CONSUL
Freezer Horizontal 400 Litros H440 Electrolux Branco 110v;Eletrodomesticos;Freezers;;ELECTROLUX;ELECTROLUX
Freezer Vertical Fe-27 234 Litros Electrolux Branco 110v;Eletrodomesticos;Freezers;;ELECTROLUX;ELECTROLUX
Freezer Refrigerador Congelador Horizontal Dupla Ação 293l Da302 Metalfrio 220v 220v;Eletrodomesticos;Freezers;;METALFRIO;METALFRIO
Freezer Horizontal Congelados Tampa Vidro 404l Nf55 Metalfrio 220v 220v;Eletrodomesticos;Freezers;;METALFRIO;METALFRIO
Freezer Horizontal Congelados Tampa Vidro 404l Nf55 Metalfrio 220v 220v;Eletrodomesticos;Freezers;;METALFRIO;METALFRIO
Freezer Horizontal Consul 534 Litros Chb53ebbna Branco 220v;Eletrodomesticos;Freezers;;CONSUL;CONSUL
Freezer Horizontal Electrolux Cycle Defrost 513l Com Função Branco 220 V;Eletrodomesticos;Freezers;;ELECTROLUX;ELECTROLUX
Freezer Horizontal 100l Digital Flex Beer Midea Preto 127v;Eletrodomesticos;Freezers;;MIDEA;MIDEA
Freezer Horizontal 100l Digital Flex Beer Midea Preto 127v;Eletrodomesticos;Freezers;;MIDEA;MIDEA
Freezer Horizontal 99L Philco PFH105B 2 em 1 220V;Eletrodomesticos;Freezers;;PHILCO;PHILCO
Freezer Horizontal Tripla Ação FH150C 120L Anox Ártico 110v;Eletrodomesticos;Freezers;;ÁRTICO;ÁRTICO
Freezer Philco Horizontal PFH260B 246L 127V;Eletrodomesticos;Freezers;;PHILCO;PHILCO
Freezer Horizontal Porta De Vidro 388 L Metalfrio Nf40s Branco 127V;Eletrodomesticos;Freezers;;METALFRIO;METALFRIO
Freezer Horizontal Philco 2 em 1 99L Branco 220V PFH105B;Eletrodomesticos;Freezers;;PHILCO;PHILCO
Freezer Horizontal 400 Litros H440 Electrolux Branco 110v;Eletrodomesticos;Freezers;;ELECTROLUX;ELECTROLUX
Freezer Horizontal Fricon Hceb411 411 Litros Branco 220v;Eletrodomesticos;Freezers;;FRICON;FRICON
Freezer Horizontal Metalfrio 293 Litros Da302 Branco 110v;Eletrodomesticos;Freezers;;METALFRIO;METALFRIO
Freezer Horizontal P Cega 411L Fricon Hced411-1c000 Br127v;Eletrodomesticos;Freezers;;FRICON;FRICON
Freezer Horizontal P Cega 411L Fricon Hced411-2c000 Br 220v;Eletrodomesticos;Freezers;;FRICON;FRICON
Freezer Horizontal Porta Vidro 216L Fricon HCEB216V BR 220V;Eletrodomesticos;Freezers;;FRICON;FRICON
Freezer Horizontal Porta Vidro 411L Fricon HCEB411V BR 220V;Eletrodomesticos;Freezers;;FRICON;FRICON
Freezer Electrolux 1 Porta 320 Litros H330 Branco 110v;Eletrodomesticos;Freezers;;ELECTROLUX;ELECTROLUX
Freezer/Refrigerador Metalfrio Horizontal/1 P.Branco;Eletrodomesticos;Freezers;;0;0
Freezer Horizontal Chb42fbana 414 Litros Consul Branco 110v;Eletrodomesticos;Freezers;;CONSUL;CONSUL
Conservador Esmaltec Ech250 215L 1P Caixa Branca 127V;Eletrodomesticos;Freezers;;ESMALTEC;ESMALTEC
Freezer Horizontal Metalfrio Dupla Ação Porta Cega 293 Litros Branco 127V DA302B;Eletrodomesticos;Freezers;;METALFRIO;METALFRIO
Freezer Horizontal 100l Digital Flex Beer Midea Preto 127v;Eletrodomesticos;Freezers;;MIDEA;MIDEA
Conservador Esmaltec Ech350 325L 2P Caixa Branca 220V;Eletrodomesticos;Freezers;;ESMALTEC;ESMALTEC
Freezer Dupla Ação Philco 99 Litros PFH105B Branco 220V;Eletrodomesticos;Freezers;;PHILCO;PHILCO
Freezer Horizontal 2 Em 1 Philco 143 Litros PFH160B Branco 220V;Eletrodomesticos;Freezers;;PHILCO;PHILCO
Freezer Horizontal 503 Litros Hced503 Branco Fricon Branco 110v;Eletrodomesticos;Freezers;;FRICON;FRICON
Freezer Horizontal Congelados Tampa Vidro 404l Nf55 Metalfrio 220v 220v;Eletrodomesticos;Freezers;;METALFRIO;METALFRIO
Freezer Horizontal Metalfrio Dupla Ação Porta Cega 293 Litros Branco 127V DA302B;Eletrodomesticos;Freezers;;METALFRIO;METALFRIO
Freezer Horizontal Electrolux Cycle Defrost 513l Com Função Branco 220 V;Eletrodomesticos;Freezers;;ELECTROLUX;ELECTROLUX
Freezer Horizontal Philco 143 Litros 2 Em 1 Branco Pfh160b - 127v;Eletrodomesticos;Freezers;;PHILCO;PHILCO
Freezer Vertical Philco 201 Litros Dupla Função Congelador Ou Refrigerador Prata PFV205I 127V;Eletrodomesticos;Freezers;;PHILCO;PHILCO
Freezer Horizontal Inverter Dupla Ação 543 Litros Tampa Cega Da550if Tech Bivolt - Metalfrio;Eletrodomesticos;Freezers;;METALFRIO;METALFRIO
Freezer Horizontal Dupla Ação 468 Litros Tampa Cega Ech500 220v - Esmaltec;Eletrodomesticos;Freezers;;ESMALTEC;ESMALTEC
Freezer Horizontal Dupla Ação 325 Litros Tampa Cega Ech350 220v - Esmaltec;Eletrodomesticos;Freezers;;ESMALTEC;ESMALTEC
Frigobar Branco 47 Litros Philco 220V PH50N;Eletrodomesticos;Frigobares;;PHILCO;PHILCO
Frigobar PFG50B 45L Philco 220v;Eletrodomesticos;Frigobares;;PHILCO;PHILCO
Frigobar Philco Pfg85P 5 Níveis Temperatura 68L 220V;Eletrodomesticos;Frigobares;;PHILCO;PHILCO
Frigobar Philco PFG85P 68L 5 Níveis Temperatura 127v;Eletrodomesticos;Frigobares;;PHILCO;PHILCO
Frigobar Philco 93L PFG114 6 Níveis De Ajustes 220V;Eletrodomesticos;Frigobares;;PHILCO;PHILCO
Frigobar Philco 93L PFG114 6 Níveis De Ajustes 127V;Eletrodomesticos;Frigobares;;PHILCO;PHILCO
Frigobar PFG50B 45L Philco 220v;Eletrodomesticos;Frigobares;;PHILCO;PHILCO
Frigobar 47 Litros Philco Pfg50p Preto 127v;Eletrodomesticos;Frigobares;;PHILCO;PHILCO
Frigobar Brastemp Retrô 76l Azul Marinho 110v Bra08hzana;Eletrodomesticos;Frigobares;;BRASTEMP;BRASTEMP
Frigobar Brastemp Retrô 76l Verde 110v Bra08hnana;Eletrodomesticos;Frigobares;;BRASTEMP;BRASTEMP
Frigobar Brastemp Retrô 76l Branco 110v Bra08hbana;Eletrodomesticos;Frigobares;;BRASTEMP;BRASTEMP
Frigobar Brastemp Retrô 76l Azul Claro 110v Bra08hwana;Eletrodomesticos;Frigobares;;BRASTEMP;BRASTEMP
Frigobar Brastemp Retrô 76l Verde 110v Bra08hnana;Eletrodomesticos;Frigobares;;BRASTEMP;BRASTEMP
Frigobar Brastemp Retrô 76l Rosa 110v Bra08hoana;Eletrodomesticos;Frigobares;;BRASTEMP;BRASTEMP
Frigobar Brastemp Retrô 76L Azul Claro 110V BRA08HWANA;Eletrodomesticos;Frigobares;;BRASTEMP;BRASTEMP
Frigobar Brastemp Retrô 76L Azul Marinho 110V BRA08HZANA;Eletrodomesticos;Frigobares;;BRASTEMP;BRASTEMP
Frigobar Brastemp Retrô 76L Preto 110V BRA08HEANA;Eletrodomesticos;Frigobares;;BRASTEMP;BRASTEMP
Frigobar Brastemp Retrô 76L Marsala 110V BRA08HGANA;Eletrodomesticos;Frigobares;;BRASTEMP;BRASTEMP
Frigobar Brastemp Retrô 76L Classic Vermelho 110V BRA08HVANA;Eletrodomesticos;Frigobares;;BRASTEMP;BRASTEMP
Frigobar Brastemp Retrô 76L Verde 110V BRA08HNANA;Eletrodomesticos;Frigobares;;BRASTEMP;BRASTEMP
Frigobar Brastemp Retrô 76L Preto 110V BRA08HEANA;Eletrodomesticos;Frigobares;;BRASTEMP;BRASTEMP
Frigobar 93l Midea Mrc10b Branco 220 V;Eletrodomesticos;Frigobares;;MIDEA;MIDEA
Frigobar 67l Midea Mdrd108fga Branco 220 V;Eletrodomesticos;Frigobares;;MIDEA;MIDEA
Frigobar Crc08cbbna 1 Porta 76 Litros Consul Branco 220V;Eletrodomesticos;Frigobares;;CONSUL;CONSUL
Frigobar Crc12cbbna 1 Porta Com Gaveta Multiuso Consul Branco 220V;Eletrodomesticos;Frigobares;;CONSUL;CONSUL
Frigobar Mrc10b2 93 Litros Supercapacidade Midea Branco 220V;Eletrodomesticos;Frigobares;;MIDEA;MIDEA
Frigobar 45 Litros Com Termostato Mrc06b2 Midea Branco 220v;Eletrodomesticos;Frigobares;;MIDEA;MIDEA
Geladeira Electrolux Em50 47l 127v Branco;Eletrodomesticos;Frigobares;;ELECTROLUX;ELECTROLUX
Frigobar 93l Midea Mrc10b Branco 127V;Eletrodomesticos;Frigobares;;MIDEA;MIDEA
Frigobar 93l Midea Mrc10b Branco 220 V;Eletrodomesticos;Frigobares;;MIDEA;MIDEA
Frigobar 67l Midea Mdrd108fga Branco 220 V;Eletrodomesticos;Frigobares;;MIDEA;MIDEA
Frigobar Suggar 88 Litros Inox 220v;Eletrodomesticos;Frigobares;;SUGGAR;SUGGAR
Frigobar Philco Pfg85P 5 Níveis Temperatura 68L 127V;Eletrodomesticos;Frigobares;;PHILCO;PHILCO
Frigobar Brastemp Retrô 76L Classic Vermelho 110V BRA08HVANA;Eletrodomesticos;Frigobares;;BRASTEMP;BRASTEMP
Frigobar Philco 93L PFG114 6 Níveis De Ajustes 220V;Eletrodomesticos;Frigobares;;PHILCO;PHILCO
Frigobar Philco 93L PFG114 6 Níveis De Ajustes 127V;Eletrodomesticos;Frigobares;;PHILCO;PHILCO
Frigobar 45L Branco Midea 110V ;Eletrodomesticos;Frigobares;;MIDEA;MIDEA
Frigobar Brastemp Retrô 76 Litros Classic Red - Bra08hv 110V;Eletrodomesticos;Frigobares;;BRASTEMP;BRASTEMP
Frigobar Brastemp Retrô 76 Litros Marsala Wine - Bra08hg 220v;Eletrodomesticos;Frigobares;;BRASTEMP;BRASTEMP
Frigobar Brastemp Retrô 76 Litros Marsala Wine - Bra08hg 110v;Eletrodomesticos;Frigobares;;BRASTEMP;BRASTEMP
Frigobar Brastemp Retrô 76 Litros Classic Red - Bra08hv 220v;Eletrodomesticos;Frigobares;;BRASTEMP;BRASTEMP
Frigobar 67l Midea Mdrd108fga Branco 220 V;Eletrodomesticos;Frigobares;;MIDEA;MIDEA
Frigobar Brastemp Retrô 76 Litros Midnight Blue - Bra08hz 220v;Eletrodomesticos;Frigobares;;BRASTEMP;BRASTEMP
Frigobar Brastemp Retrô 76 Litros Midnight Blue - Bra08hz 110v;Eletrodomesticos;Frigobares;;BRASTEMP;BRASTEMP
Frigobar Brastemp Retrô 76l Branco 110v Bra08hbana;Eletrodomesticos;Frigobares;;BRASTEMP;BRASTEMP
Frigobar Beer Center 60cm 220v Cuisinart Arkton Aço Inox;Eletrodomesticos;Frigobares;;CUISINART;CUISINART
Frigobar Brastemp Retrô 76L Azul Claro 110V BRA08HWANA;Eletrodomesticos;Frigobares;;BRASTEMP;BRASTEMP
Frigobar Brastemp Retrô 76L Azul Marinho 110V BRA08HZANA;Eletrodomesticos;Frigobares;;BRASTEMP;BRASTEMP
Frigobar Brastemp Retrô 76L Preto 110V BRA08HEANA;Eletrodomesticos;Frigobares;;BRASTEMP;BRASTEMP
Frigobar Brastemp Retrô 76L Verde 110V BRA08HNANA;Eletrodomesticos;Frigobares;;BRASTEMP;BRASTEMP
Frigobar Philco 67 Litros Platinum 127V PFG85PL;Eletrodomesticos;Frigobares;;PHILCO;PHILCO
Kit Forno E Fryer French Door Com Kit Para Vinho Oster 127V;Eletrodomesticos;Kits de Eletrodomesticos;;OSTER;OSTER
Kit Forno Elétrico De Embutir 71L + Micro-ondas De Embutir Preto 25L 220V Tramontina;Eletrodomesticos;Kits de Eletrodomesticos;;TRAMONTINA;TRAMONTINA
Kit Forno Elétrico De Embutir Aço Inox 71L + Micro-ondas De Embutir 25L 220 V Tramontina;Eletrodomesticos;Kits de Eletrodomesticos;;TRAMONTINA;TRAMONTINA
Kit Forno Elétrico 70L + Micro-ondas De Embutir Preto 25L Tramontina 220V;Eletrodomesticos;Kits de Eletrodomesticos;;TRAMONTINA;TRAMONTINA
Kit Adega Dual Zone 33 Garrafas + Cervejeira Bierhaus 98 Lit Preto 220v;Eletrodomesticos;Kits de Eletrodomesticos;;EOS;EOS
Kit Adega Dual Zone 33 Garrafas + Cervejeira Bierhaus 98 Lit Preto 110v;Eletrodomesticos;Kits de Eletrodomesticos;;EOS;EOS
Kit Forno Elétrico de Embutir 70L 3 Funções + Micro-ondas de Embutir 25L 8 Funções Tramontina 220V;Eletrodomesticos;Kits de Eletrodomesticos;;TRAMONTINA;TRAMONTINA
Lava E Seca Hisense 13kg Branca 127v WD5Q1342BW1;Eletrodomesticos;Lava e Seca;;HISENSE;HISENSE
Lavadora E Secadora Samsung Black Inox 18kg 220v Wd18t6500gv/faz;Eletrodomesticos;Lava e Seca;;SAMSUNG;SAMSUNG
Lavadora e Secadora Wd11t Samsung 11kg Inox 220V;Eletrodomesticos;Lava e Seca;;SAMSUNG;SAMSUNG
Lava E Seca Samsung 18kg Wd18t6500gv Black Inox Look 127v;Eletrodomesticos;Lava e Seca;;SAMSUNG;SAMSUNG
Lava E Seca Brastemp 10 Kg água Quente Ciclo Tira Manchas Prata 220 V;Eletrodomesticos;Lava e Seca;;BRASTEMP;BRASTEMP
Lava e Seca Samsung 11kg Eco Bubble WD11A4453BX Inox 127V;Eletrodomesticos;Lava e Seca;;SAMSUNG;SAMSUNG
Lava E Seca Samsung 11kg Eco Bubble Wd11a4453bx Inox 220 V;Eletrodomesticos;Lava e Seca;;SAMSUNG;SAMSUNG
Lava E Seca Midea Healthguard Smart 11 Kg Branco 220 V;Eletrodomesticos;Lava e Seca;;MIDEA;MIDEA
Lava E Seca Midea Healthguard Smart 11kg - Mf200d110wb/gk Prata 220 V;Eletrodomesticos;Lava e Seca;;MIDEA;MIDEA
Lava E Seca Samsung 18kg Wd18t6500gv Black Inox Look 127v;Eletrodomesticos;Lava e Seca;;SAMSUNGS;SAMSUNGS
Lava E Seca Brastemp 10 Kg 14 Programas água Quente Ciclo Tira Manchas Prata 220v;Eletrodomesticos;Lava e Seca;;BRASTEMP;
Lava E Seca Samsung 11kg Eco Bubble Wd11a4453bx Inox 127 V;Eletrodomesticos;Lava e Seca;;SAMSUNG;SAMSUNG
Lava E Seca Samsung 11kg Eco Bubble Wd11a4453bx Inox 220 V;Eletrodomesticos;Lava e Seca;;SAMSUNG;SAMSUNG
Lava E Seca 11kg Healthguard Conectada Mf200d110wb/wk-01 Mid Branco 220v;Eletrodomesticos;Lava e Seca;;MIDEA;MIDEA
Lava e Seca Smart LG VC5 12kg Titanium Com Inteligência Artificial AIDD CV3012MC5A 220V;Eletrodomesticos;Lava e Seca;;LG;LG
Lava e Seca Smart LG VC5 12kg Titanium Com Inteligência Artificial AIDD CV3012MC5 110V;Eletrodomesticos;Lava e Seca;;LG;LG
Lava e Seca LG Smart VC4 14kg Titanium com Inteligência Artificial AIDDTM V5014MC4 127v;Eletrodomesticos;Lava e Seca;;LG;LG
Lava e Seca Smart LG VC2 14kg Inox Look Com Inteligência Artificial AI DD CV9014PC2A 220V;Eletrodomesticos;Lava e Seca;;LG;CV9014PC2A
Lava e Seca Smart LG VC2 14kg Branca com Inteligência Artificial AIDD Wi-fi Google Assistente ThinQ CV9014WC2A 220V;Eletrodomesticos;Lava e Seca;;LG;LG
Combo Lava e Seca Smart LG 14kg Com Inteligência Artificial 127V + Caixa de Som Portátil LG XBOOM Go XG5;Eletrodomesticos;Lava e Seca;;LG;LG
Combo Lava e Seca Smart LG 14kg Com Inteligência Artificial 127V + Caixa de Som Portátil LG XBOOM Go XG5;Eletrodomesticos;Lava e Seca;;LG;LG
Lava E Seca 11kg Healthguard Conectada Mf200d110wb/wk-01 Mid Branco 220v;Eletrodomesticos;Lava e Seca;;MIDEA;MIDEA
Lava e Seca LG Smart VC4 14kg Titanium com Inteligência Artificial AIDDTM V5014MC4 127v;Eletrodomesticos;Lava e Seca;;LG;LG
Combo Lava e Seca Smart LG 14kg Aço Escovado 220V + Caixa de Som Portátil LG XBOOM Go XG5;Eletrodomesticos;Lava e Seca;;LG;LG
Lava E Seca Samsung 11kg Eco Bubble Wd11a4453bx Inox 220 V;Eletrodomesticos;Lava e Seca;;SAMSUNG;SAMSUNG
Lava e Seca LG Smart 18kg Black Inox com Inteligência Artificial AIDD™ WD18BV2S6B 220V;Eletrodomesticos;Lava e Seca;;LG;LG
Lava e Seca LG Smart 18kg Black Inox com Inteligência Artificial AIDD™ WD18BV2S6B 127V;Eletrodomesticos;Lava e Seca;;LG;LG
Lava e Seca Brastemp 10kg Inverter BNO10ABANA Branca 127V;Eletrodomesticos;Lava e Seca;;BRASTEMP;BRASTEMP
Lava Louças 10 Serviços Inox Ciclo Pesado Brastemp 110V;Eletrodomesticos;Lava Loucas;;BRASTEMP;BRASTEMP
Lava-louças Samsung Inox Preta 10 Serviços 110v Dw50c6070fg/az;Eletrodomesticos;Lava Loucas;;SAMSUNG;SAMSUNG
Lava-louças De Embutir Gorenje 16 Serviços Inox 60cm 220v Gv693c60uvbr;Eletrodomesticos;Lava Loucas;;GORENJE;GORENJE
Lava-louças 10 Serviços Brastemp Inox Ciclo Pesado 110v Blf10brana única único;Eletrodomesticos;Lava Loucas;;BRASTEMP;BRASTEMP
Lava Louça Electrolux 10 Serviç. Funç. Higienizar Inox 127v;Eletrodomesticos;Lava Loucas;;ELECTROLUX;ELECTROLUX
Lava Louça Brastemp 8 Serviços Inox Blf08bsbna Inox 127 V;Eletrodomesticos;Lava Loucas;;BRASTEMP;BRASTEMP
Lava Louça Brastemp 8 Serviços 5 Programas De Lavagem Blf08bbbna Branco 127 V;Eletrodomesticos;Lava Loucas;;BRASTEMP;BRASTEMP
Lava Louça Brastemp 8 Serviços 5 Programas De Lavagem BLF08B Branco 220V;Eletrodomesticos;Lava Loucas;;BRASTEMP;BRASTEMP
Lava Louça Brastemp 8 Serviços 5 Programas De Lavagem Blf08bbbna Branco 127 V;Eletrodomesticos;Lava Loucas;;BRASTEMP;BRASTEMP
Lava Louças Inox Electrolux 1250W LL14X 110V;Eletrodomesticos;Lava Loucas;;ELECTROLUX;ELECTROLUX
Lava Louças 8 Serviços Electrolux Branco 127V LL08B;Eletrodomesticos;Lava Loucas;;ELECTROLUX;ELECTROLUX
Lava Louças Inox Electrolux 1250W LL14X 110V;Eletrodomesticos;Lava Loucas;;ELECTROLUX;ELECTROLUX
Lava Louças Brastemp 14 Serviços 1250 W Blf14 Inox 110v;Eletrodomesticos;Lava Loucas;;BRASTEMP;BRASTEMP
Lava Louças Brastemp Slim 10 Serviços Blf10Ab Branco 220V;Eletrodomesticos;Lava Loucas;;BRASTEMP;BRASTEMP
Lava Louças Brastemp 14 Serviços Blf14 Branco 220v;Eletrodomesticos;Lava Loucas;;BRASTEMP;BRASTEMP
Lava Louça Brastemp 8 Serviços 5 Programas De Lavagem Blf08bbbna Branco 127 V;Eletrodomesticos;Lava Loucas;;BRASTEMP;BRASTEMP
Lava Louça Brastemp 8 Serviços 5 Programas De Lavagem Blf08bbbna Branco 220 V;Eletrodomesticos;Lava Loucas;;BRASTEMP;BRASTEMP
Lava Louça Brastemp 8 Serviços Inox Blf08bsbna Inox 127 V;Eletrodomesticos;Lava Loucas;;BRASTEMP;BRASTEMP
Lava-louças 14 serviços Inox Brastemp 110V BLF14ARANA;Eletrodomesticos;Lava Loucas;;BRASTEMP;BRASTEMP
Lava-louças 10 Serviços Brastemp Inox Ciclo Pesado 110v Blf10brana única único;Eletrodomesticos;Lava Loucas;;BRASTEMP;BRASTEMP
Lava-louças 14 Serviços Branca Ciclo Pesado Brastemp 220V;Eletrodomesticos;Lava Loucas;;BRASTEMP;BRASTEMP
Lava Louças 8 Serviços 60cm 220v Cuisinart Arkton;Eletrodomesticos;Lava Loucas;;CUISINART;CUISINART
Lava Louças Inox Electrolux 1250W LL14X 110V;Eletrodomesticos;Lava Loucas;;ELECTROLUX;ELECTROLUX
Lava Louças 8 Serviços Electrolux Branco 127V LL08B;Eletrodomesticos;Lava Loucas;;ELECTROLUX;ELECTROLUX
Lavadora De Roupas Semiautomática Britânia Blrs12 12kg 510w 127v;Eletrodomesticos;Lavadoras de Roupas;;BRITÂNIA;BRITÂNIA
Lavadora De Roupas Semiautomática Britânia Blrs12 12kg 510w 220v;Eletrodomesticos;Lavadoras de Roupas;;BRITÂNIA;BRITÂNIA
Máquina de Lavar 12kg Electrolux Lac12 Branca 127V;Eletrodomesticos;Lavadoras de Roupas;;ELECTROLUX;ELECTROLUX
Máquina de Lavar 16kg Electrolux Lpr16 Branca 220v;Eletrodomesticos;Lavadoras de Roupas;;ELECTROLUX;LPR16
Máquina de Lavar 12kg Electrolux Lac12 Branca 220V;Eletrodomesticos;Lavadoras de Roupas;;ELECTROLUX;ELECTROLUX
Máquina De Lavar 14kg Electrolux Led14 Branca 127v;Eletrodomesticos;Lavadoras de Roupas;;ELECTROLUX;ELECTROLUX
Lavadora Lavamax Eco 20kg Suggar Le2001br Branca 127v;Eletrodomesticos;Lavadoras de Roupas;;SUGGAR;SUGGAR
Lavadora Semi Automática 10 Kg Libell Branca 127V;Eletrodomesticos;Lavadoras de Roupas;;LIBELL;LIBELL
Lavadora Semi Automática 14 Kg Libell Branca 220V;Eletrodomesticos;Lavadoras de Roupas;;LIBELL;LIBELL
Lavadora Semi Automática 10 Kg Libell Branca 220V;Eletrodomesticos;Lavadoras de Roupas;;LIBELL;LIBELL
Lavadora Semi Automática 14kg Libell Branca 127V;Eletrodomesticos;Lavadoras de Roupas;;LIBELL;LIBELL
Lavadora Lavamax Eco 20kg Suggar Le2001br Branca 127v;Eletrodomesticos;Lavadoras de Roupas;;SUGGAR;SUGGAR
Lavadora Lavamax Eco 20kg Suggar Le2002br Branca 220v;Eletrodomesticos;Lavadoras de Roupas;;SUGGAR;SUGGAR
Lavadora Semi Automática 10 Kg Libell Branca 220V;Eletrodomesticos;Lavadoras de Roupas;;LIBELL;LIBELL
Máquina De Lavar Semi Automática 10kg Britânia BLR03 Branca 110V;Eletrodomesticos;Lavadoras de Roupas;;BRITÂNIA;BRITÂNIA
Máquina De Lavar Semi Automática 10kg Britânia BLR03 Branca 220V;Eletrodomesticos;Lavadoras de Roupas;;BRITÂNIA;BRITÂNIA
Lavadora Panasonic 12kg Titânio 110V NA-F120B1TA;Eletrodomesticos;Lavadoras de Roupas;;PANASONIC;PANASONIC
Lavadora Suggar Lavamax Eco 10kg Preto LE1021PT 110V;Eletrodomesticos;Lavadoras de Roupas;;SUGGAR;SUGGAR
Lavadora E Secadora Samsung 18kg 110v Wd18t6500gv/az;Eletrodomesticos;Lavadoras de Roupas;;SAMSUNG;SAMSUNG
Lavadora Panasonic Antibacteria 18kg Titânio 110v Na-f180p7ta;Eletrodomesticos;Lavadoras de Roupas;;PANASONIC;PANASONIC
Lavadora Panasonic 12kg Titânio 110V NA-F120B1TA;Eletrodomesticos;Lavadoras de Roupas;;PANASONIC;PANASONIC
Lavadora Suggar Lavamax Eco 10Kg Preto 110V LE1021PT;Eletrodomesticos;Lavadoras de Roupas;;SUGGAR;SUGGAR
Lavadora de Roupas Suggar Eco 20Kg Preta 110V LE2001PT;Eletrodomesticos;Lavadoras de Roupas;;SUGGAR;SUGGAR
Lavadora de Roupas Suggar Eco 20Kg Preta 110V LE2001PT;Eletrodomesticos;Lavadoras de Roupas;;SUGGAR;SUGGAR
Lavadora Colormaq Semiautomática Lcs 10.0 Branco 220v;Eletrodomesticos;Lavadoras de Roupas;;COLORMAQ;COLORMAQ
Lavadora Colormaq Semiautomática Lcs 10.0 Branco 110v;Eletrodomesticos;Lavadoras de Roupas;;COLORMAQ;COLORMAQ
Lavadora Colormaq Semiautomática 10kg Lcs 10 Prata 220v;Eletrodomesticos;Lavadoras de Roupas;;COLORMAQ;COLORMAQ
Lavadora Colormaq 6 Kg Semiautomática Lct 6.0 Branco 110v;Eletrodomesticos;Lavadoras de Roupas;;COLORMAQ;COLORMAQ
Lavadora 12kg Cwh12ab Com Dosagem Consul Branco 110v;Eletrodomesticos;Lavadoras de Roupas;;CONSUL;CONSUL
Lavadora Colormaq Semiautomática 20,1 Kg Lcs 20 Branco 110v;Eletrodomesticos;Lavadoras de Roupas;;COLORMAQ;COLORMAQ
Lavadora Colormaq Semiautomática 20,1 Kg Lcs 20 380w Prata 110v;Eletrodomesticos;Lavadoras de Roupas;;COLORMAQ;COLORMAQ
Lavadora De Roupas Panasonic 12kg Na-f120b1t Cinza 110v;Eletrodomesticos;Lavadoras de Roupas;;PANASONIC;PANASONIC
Lavadora Colormaq Semiautomática 20,1 Kg Lcs 20 380w Prata 220v;Eletrodomesticos;Lavadoras de Roupas;;COLORMAQ;COLORMAQ
Lavadora Brastemp 13kg Bwk13abana Br Branco 110v;Eletrodomesticos;Lavadoras de Roupas;;BRASTEMP;BRASTEMP
Lavadora De Roupas Panasonic 12kg Na-f120b1w Branco 110v;Eletrodomesticos;Lavadoras de Roupas;;PANASONIC;PANASONIC
Lavadora Na-f140b1wa 14 Kg Panasonic Branco 110v;Eletrodomesticos;Lavadoras de Roupas;;PANASONIC;PANASONIC
Lavadora Tanquinho Colormaq Semiautomática Lcs 20 20kg Branco 220v;Eletrodomesticos;Lavadoras de Roupas;;COLORMAQ;COLORMAQ
Lavadora De Roupa Semi-automática Colormaq 10 Kg Lcs Prata 220v;Eletrodomesticos;Lavadoras de Roupas;;COLORMAQ;COLORMAQ
Lavadora De Roupas Led14 14kg Electrolux Branco 220v;Eletrodomesticos;Lavadoras de Roupas;;ELECTROLUX;ELECTROLUX
Lavadora De Roupas Colormaq Semiautomática Lct6 6kg Filtro De Fiapos Prata 220v;Eletrodomesticos;Lavadoras de Roupas;;COLORMAQ;COLORMAQ
Lavadora Wanke Premium 20 Kg Silver 220v;Eletrodomesticos;Lavadoras de Roupas;;WANKE;WANKE
Lavadora Wanke Premium 20 Kg Preto 220v;Eletrodomesticos;Lavadoras de Roupas;;WANKE;WANKE
Lavadora Wanke Premium 20 Kg Branco 220v;Eletrodomesticos;Lavadoras de Roupas;;WANKE;WANKE
Lavadora Brastemp 15 Kg 110V Front Load Inox 127V;Eletrodomesticos;Lavadoras de Roupas;;BRASTEMP;BRASTEMP
Máquina De Lavar Brastemp 16 Kg Doub Wash Titanio 127V;Eletrodomesticos;Lavadoras de Roupas;;BRASTEMP;BRASTEMP
Máquina Brastemp De Lavar 17 Kg Com Ciclo Tira Manchas E Antibolinhas Branco 220v;Eletrodomesticos;Lavadoras de Roupas;;BRASTEMP;BRASTEMP
Lavadora De Roupas Samsung 11kg Ww11j4473pw Branco 220V;Eletrodomesticos;Lavadoras de Roupas;;SAMSUNG;SAMSUNG
Lavadora Semiautomática Tanquinho Mueller 20kg Big Branco 127 V;Eletrodomesticos;Lavadoras de Roupas;;MUELLER;MUELLER
Lavadora Semiautomática Mueller Plus 4.5 Kg Timer Superior 3 Programas Agitador Eficiente Branco 127 V;Eletrodomesticos;Lavadoras de Roupas;;MUELLER;MUELLER
Máquina De Lavar Brastemp 13kg Com Ciclo Tira Manchas Advanced Bwk13ab Branco 127 V;Eletrodomesticos;Lavadoras de Roupas;;BRASTEMP;BRASTEMP
Lavadora Semiautomática 4.5 Kg Plus - Mueller Preto 220 V;Eletrodomesticos;Lavadoras de Roupas;;MUELLER;MUELLER
Máquina De Lavar Brastemp 13kg Com Ciclo Tira Manchas Advanced Bwk13ab Branco 220 V;Eletrodomesticos;Lavadoras de Roupas;;BRASTEMP;BRASTEMP
Lavadora De Roupas Semi-automática Suggar Lavamax Eco New Prata 127 V;Eletrodomesticos;Lavadoras de Roupas;;SUGGAR;SUGGAR
Lavadora De Roupas Semi-automática Suggar Lavamax Eco New Branco 220 V;Eletrodomesticos;Lavadoras de Roupas;;SUGGAR;SUGGAR
Lavadora De Roupas Led14 14kg Electrolux Branco 127v;Eletrodomesticos;Lavadoras de Roupas;;ELECTROLUX;ELECTROLUX
Máquina De Lavar Consul 12kg Cwh12bb Branco 127V;Eletrodomesticos;Lavadoras de Roupas;;CONSUL;CONSUL
Lavadora Suggar Lavamax 20 Kg Eco Le2002pt Preto 127 V;Eletrodomesticos;Lavadoras de Roupas;;SUGGAR;SUGGAR
Lavadora De Roupas Semi-automática Suggar Lavamax Eco New Branco 220 V;Eletrodomesticos;Lavadoras de Roupas;;SUGGAR;SUGGAR
Máquina Brastemp De Lavar 17 Kg Com Ciclo Tira Manchas E Antibolinhas Branco 127 V;Eletrodomesticos;Lavadoras de Roupas;;BRASTEMP;BRASTEMP
Lavadora De Roupas 12kg Automática F120b1tb Panasonic Titanium 220V;Eletrodomesticos;Lavadoras de Roupas;;PANASONIC;PANASONIC
Lavadora De Roupa 12kg Automática Sistema Ciclone Panasonic Branco 220V;Eletrodomesticos;Lavadoras de Roupas;;PANASONIC;PANASONIC
Lavadora De Roupas Lavamax 10Kg Lx1022Br 415W Branca 220V;Eletrodomesticos;Lavadoras de Roupas;;SUGGAR;SUGGAR
Lavadora De Roupas 14Kg Com Sistema Ciclon Panasonic 220V;Eletrodomesticos;Lavadoras de Roupas;;PANASONIC;PANASONIC
Lavadora De Roupas 9Kg 220V Consul Branco 220V;Eletrodomesticos;Lavadoras de Roupas;;CONSUL;CONSUL
Lavadora De Roupas 9Kg 220V Consul Branco 220V;Eletrodomesticos;Lavadoras de Roupas;;CONSUL;CONSUL
Lavadora Bwk17abana Painel Digital 17kg Brastemp Branco 110v;Eletrodomesticos;Lavadoras de Roupas;;BRASTEMP;BRASTEMP
Lavadora Suggar Neo Turbilhao 8kg 127V Branco;Eletrodomesticos;Lavadoras de Roupas;;SUGGAR;SUGGAR
Lavadora Nova Lavamax Eco 10kg Suggar Preto 110V;Eletrodomesticos;Lavadoras de Roupas;;SUGGAR;SUGGAR
Suggar Nova Lavamax Eco 10kg Prata 110v;Eletrodomesticos;Lavadoras de Roupas;;SUGGAR;SUGGAR
Lavadora Suggar Nova Lavamax Branco 110v;Eletrodomesticos;Lavadoras de Roupas;;SUGGAR;SUGGAR
Lavadora Brastemp 13kg Bwk13ab Branco Com Cinza 110v;Eletrodomesticos;Lavadoras de Roupas;;BRASTEMP;BRASTEMP
Máquina De Lavar Brastemp 15 Kg Bwf15abana Smart Sensor Branco 110v;Eletrodomesticos;Lavadoras de Roupas;;BRASTEMP;BRASTEMP
Máquina De Lavar Mueller Automática 11kg Com Ciclo Rápido Mla11 Branco 220V;Eletrodomesticos;Lavadoras de Roupas;;MUELLER;MUELLER
Máquina De Lavar Mueller Automática 11kg Com Ciclo Rápido Mla11 Branco 127V;Eletrodomesticos;Lavadoras de Roupas;;MUELLER;MUELLER
Máquina de Lavar Mueller 13kg Com Ultracentrifugação e Ciclo Rápido Mla13 220V;Eletrodomesticos;Lavadoras de Roupas;;MUELLER;MUELLER
Máquina De Lavar Mueller 13kg Com Ultracentrifugação E Ciclo Rápido Mla13 127V;Eletrodomesticos;Lavadoras de Roupas;;MUELLER;MUELLER
Máquina de Lavar Mueller 15kg Branco Com Ultracentrifugação e Ciclo Rápido MLA15 127V;Eletrodomesticos;Lavadoras de Roupas;;MUELLER;MUELLER
Tanquinho Supertank Lite 8kg Preto 220v;Eletrodomesticos;Lavadoras de Roupas;;MUELLER;MUELLER
Máquina De Lavar Mueller 17kg Com Ultracentrifugação E Ciclo Rápido MLA17 Branco 127V;Eletrodomesticos;Lavadoras de Roupas;;MUELLER;MUELLER
Máquina De Lavar Mueller Automática 11kg Com Ciclo Rápido Mla11 Branco 220V;Eletrodomesticos;Lavadoras de Roupas;;MUELLER;MUELLER
Lavadora Semiautomática Plus 4.5kg 220v 220v Branco;Eletrodomesticos;Lavadoras de Roupas;;MUELLER;MUELLER
Tanquinho Poptank 5kg Preto 220v 220v Preto;Eletrodomesticos;Lavadoras de Roupas;;MUELLER;MUELLER
Tanquinho Poptank 5kg Preto 127v 127v Preto;Eletrodomesticos;Lavadoras de Roupas;;MUELLER;MUELLER
Tanquinho Lavadora De Roupas 20,5 Kg Black Newmaq Preto 220V;Eletrodomesticos;Lavadoras de Roupas;;NEWMAQ;NEWMAQ
Tanquinho Lavadora De Roupas 20,5 Kg Black Newmaq Preto 220V;Eletrodomesticos;Lavadoras de Roupas;;NEWMAQ;NEWMAQ
Lavadora Semiautomática 10kg Mueller Family Lite Preto 220v;Eletrodomesticos;Lavadoras de Roupas;;MUELLER;MUELLER
Lavadora Semiautomática 10kg Mueller Family Lite Branco 127v;Eletrodomesticos;Lavadoras de Roupas;;MUELLER;MUELLER
Lavadora De Roupas Semiautomática Mueller 8kg Supertank Preto 110v;Eletrodomesticos;Lavadoras de Roupas;;MUELLER;MUELLER
Lavadora Semiautomática Libell 14kg Branco 110v;Eletrodomesticos;Lavadoras de Roupas;;LIBELL;LIBELL
Lavadora Lavamax Eco 16 Kg Branca 127v Suggar Le1601br;Eletrodomesticos;Lavadoras de Roupas;;SUGGAR;SUGGAR
Lavadora Lavamax Eco 10 Kg Prata Suggar Le1001pr 127V;Eletrodomesticos;Lavadoras de Roupas;;SUGGAR;SUGGAR
Lavadora De Roupas Samsung 11kg Ww11j4473pw Branco 220v;Eletrodomesticos;Lavadoras de Roupas;;SAMSUNG;
Lavadora Wanke Premium 20 Kg Branco 220V;Eletrodomesticos;Lavadoras de Roupas;;WANKE;WANKE
Lavadora Wanke Premium 20 Kg Silver 220V;Eletrodomesticos;Lavadoras de Roupas;;WANKE;WANKE
Lavadora Brastemp 15 Kg 110V Front Load Inox 127V;Eletrodomesticos;Lavadoras de Roupas;;BRASTEMP;BRASTEMP
Lavadora Wanke Premium 20 Kg Preto 220V;Eletrodomesticos;Lavadoras de Roupas;;WANKE;WANKE
Lavadora De Roupas Semi-Automática Suggar Lavamax Eco New Prata 127V;Eletrodomesticos;Lavadoras de Roupas;;SUGGAR;SUGGAR
Lavadora de Roupas Wanke New Premium 20 Kg LWBE201T3 Silver 220V;Eletrodomesticos;Lavadoras de Roupas;;WANKE;WANKE
Lavadora de Roupas Wanke New Premium 20 Kg LWBE201T3 Branco 220V;Eletrodomesticos;Lavadoras de Roupas;;WANKE;WANKE
Lavadora De Roupas Semi-Automática Suggar Lavamax Eco New Branco 220V;Eletrodomesticos;Lavadoras de Roupas;;SUGGAR;SUGGAR
Lavadora De Roupas Semi-Automática Suggar Lavamax Eco New Prata 220V;Eletrodomesticos;Lavadoras de Roupas;;SUGGAR;SUGGAR
Máquina De Lavar Consul 12kg Cwh12bb Branco 220v;Eletrodomesticos;Lavadoras de Roupas;;CONSUL;CONSUL
Máquina De Lavar Brastemp 13kg Com Ciclo Tira Manchas Advanced Bwk13ab Branco 220 V;Eletrodomesticos;Lavadoras de Roupas;;BRASTEMP;BRASTEMP
Máquina De Lavar Brastemp 13kg Com Ciclo Tira Manchas Advanced Bwk13ab Branco 127 V;Eletrodomesticos;Lavadoras de Roupas;;BRASTEMP;BRASTEMP
Lavadora Semiautomática 4.5 Kg Plus - Mueller Preto 220V;Eletrodomesticos;Lavadoras de Roupas;;MUELLER;MUELLER
Lavadora De Roupas Mueller Energy 8kg Branco 110V;Eletrodomesticos;Lavadoras de Roupas;;MUELLER;MUELLER
Lavadora De Roupas Mueller Energy 8kg Branco 220 V;Eletrodomesticos;Lavadoras de Roupas;;MUELLER;MUELLER
Lavadora De Roupas Semi-Automática Suggar Lavamax Eco New Branco 220V;Eletrodomesticos;Lavadoras de Roupas;;SUGGAR;SUGGAR
Lavadora De Roupas Led14 14kg Cesto Inox Electrolux Branco 220v;Eletrodomesticos;Lavadoras de Roupas;;ELECTROLUX;ELECTROLUX
Lavadora De Roupas Led14 14kg Cesto Inox Electrolux Branco 127v;Eletrodomesticos;Lavadoras de Roupas;;ELECTROLUX;ELECTROLUX
Lavadora De Roupas Automática 17kg Lec17 Electrolux Branco 220v;Eletrodomesticos;Lavadoras de Roupas;;ELECTROLUX;ELECTROLUX
Lavadora Tanquinho Colormaq Semiautomática Lcs 20 20kg Branco 220v;Eletrodomesticos;Lavadoras de Roupas;;COLORMAQ;COLORMAQ
Lavadora De Roupa Semi-automática Colormaq 10 Kg Lcs Prata 220v;Eletrodomesticos;Lavadoras de Roupas;;COLORMAQ;COLORMAQ
Lavadora De Roupas Colormaq Semiautomática Lct6 6kg Filtro De Fiapos Prata 220v;Eletrodomesticos;Lavadoras de Roupas;;COLORMAQ;COLORMAQ
Máquina Brastemp De Lavar 17 Kg Com Ciclo Tira Manchas E Antibolinhas Branco 127v;Eletrodomesticos;Lavadoras de Roupas;;BRASTEMP;BRASTEMP
Máquina Brastemp De Lavar 17 Kg C-tira Manchas Antibolinhas Branco 220 V;Eletrodomesticos;Lavadoras de Roupas;;BRASTEMP;BRASTEMP
Centrífuga Wanke Sofia Com Dupla Tampa 15kg Branco Com Cinza 220 V;Eletrodomesticos;Lavadoras de Roupas;;WANKE;WANKE
Centrífuga Wanke Sofia Com Dupla Tampa 15kg Branco Com Cinza 127 V;Eletrodomesticos;Lavadoras de Roupas;;WANKE;WANKE
Lavadora Tanquinho Lcs 10kg Colormaq Prata 220v;Eletrodomesticos;Lavadoras de Roupas;;COLORMAQ;COLORMAQ
Lavadora Automática Lca15 15 Kg 7 Programas Colormaq Branco 110v;Eletrodomesticos;Lavadoras de Roupas;;COLORMAQ;COLORMAQ
Máquina De Lavar Brastemp 15kg Com Ciclo Tira Manchas Advanced E Smart Sensor Branca Bwf15ab - 127v;Eletrodomesticos;Lavadoras de Roupas;;BRASTEMP;BRASTEMP
Máquina De Lavar Brastemp 15kg Com Ciclo Tira Manchas Advanced E Smart Sensor Branca Bwf15ab - 127v;Eletrodomesticos;Lavadoras de Roupas;;BRASTEMP;BRASTEMP
Lavadora De Roupas Mueller Energy 8kg Branco 110 V;Eletrodomesticos;Lavadoras de Roupas;;MUELLER;MUELLER
Máquina de Lavar Semiautomática 16kg Mueller Big 127V;Eletrodomesticos;Lavadoras de Roupas;;MUELLER;MUELLER
Lavadora Panasonic 12kg Titânio 110V NA-F120B1TA;Eletrodomesticos;Lavadoras de Roupas;;PANASONIC;PANASONIC
Lavadora Panasonic 12kg Titânio 110V NA-F120B1TA;Eletrodomesticos;Lavadoras de Roupas;;PANASONIC;PANASONIC
Máquina de Lavar Sally Semi-automática Wanke 5kg Branco 220V;Eletrodomesticos;Lavadoras de Roupas;;WANKE;WANKE
Máquina de Lavar Semi-automática Wanke Sally 5kg Branca 127V;Eletrodomesticos;Lavadoras de Roupas;;WANKE;WANKE
Lavadora De Roupas Led14 14kg Cesto Inox Electrolux Branco 220v;Eletrodomesticos;Lavadoras de Roupas;;ELECTROLUX;ELECTROLUX
Lavadora De Roupas Led14 14kg Cesto Inox Electrolux Branco 127v;Eletrodomesticos;Lavadoras de Roupas;;ELECTROLUX;ELECTROLUX
Máquina De Lavar Roupas Britânia 10kg Blrs10b Branco 220v;Eletrodomesticos;Lavadoras de Roupas;;PHILCO;PHILCO
Lavadora De Roupas Automática 17kg Lec17 Electrolux Branco 220v;Eletrodomesticos;Lavadoras de Roupas;;ELECTROLUX;ELECTROLUX
Máquina De Lavar Mueller 10kg Family Lite Branco 220v;Eletrodomesticos;Lavadoras de Roupas;;MUELLER;MUELLER
Lavadora De Roupa Semi-automática Colormaq 10 Kg Lcs Prata 220v;Eletrodomesticos;Lavadoras de Roupas;;COLORMAQ;COLORMAQ
Lavadora Tanquinho Colormaq Semiautomática Lcs 20 20kg Branco 220v;Eletrodomesticos;Lavadoras de Roupas;;COLORMAQ;COLORMAQ
Máquina De Lavar 14 Kg Electrolux Essential Care Branco 110V;Eletrodomesticos;Lavadoras de Roupas;;ELECTROLUX;ELECTROLUX
Lavadora De Roupas Automática 11kg Les11 Electrolux 127v;Eletrodomesticos;Lavadoras de Roupas;;ELECTROLUX;ELECTROLUX
Lavadora Tradicional 11150034 Wanke Preto 127v;Eletrodomesticos;Lavadoras de Roupas;;WANKE;WANKE
Lavadora Colormaq Lca 12kg 701.1.002.1 Branco 127v;Eletrodomesticos;Lavadoras de Roupas;;COLORMAQ;COLORMAQ
Lavadora De Roupas Wanke Tradicional 5kg Preto 220v;Eletrodomesticos;Lavadoras de Roupas;;WANKE;WANKE
Lavadora Colormaq Semiautomática Lcs 10.0 Branco 220v;Eletrodomesticos;Lavadoras de Roupas;;COLORMAQ;COLORMAQ
Lavadora Wanke Premium 20 Kg Silver 220v;Eletrodomesticos;Lavadoras de Roupas;;WANKE;WANKE
Tanquinho Mueller 20kg Big Preto 220v;Eletrodomesticos;Lavadoras de Roupas;;MUELLER;MUELLER
Tanquinho Mueller 20kg Big Branco 127V;Eletrodomesticos;Lavadoras de Roupas;;MUELLER;MUELLER
Tanquinho Mueller 20kg Big Branco 220v;Eletrodomesticos;Lavadoras de Roupas;;MUELLER;MUELLER
Lavadora Wanke Premium 20 Kg Preto 220v;Eletrodomesticos;Lavadoras de Roupas;;WANKE;WANKE
Lavadora Wanke Premium 20 Kg Branco 220v;Eletrodomesticos;Lavadoras de Roupas;;WANKE;WANKE
Máquina De Lavar Consul 12kg Cwh12bb Branco 220V;Eletrodomesticos;Lavadoras de Roupas;;CONSUL;CONSUL
Lavadora Colormaq 6 Kg Semiautomática Lct 6.0 Branco 110v;Eletrodomesticos;Lavadoras de Roupas;;COLORMAQ;COLORMAQ
Lavadora 12kg Cwh12ab Com Dosagem Consul Branco 110v;Eletrodomesticos;Lavadoras de Roupas;;CONSUL;CONSUL
Lavadora Tanquinho Lcs 10kg Colormaq Prata 220v;Eletrodomesticos;Lavadoras de Roupas;;COLORMAQ;COLORMAQ
Máquina De Lavar Colormaq Lca 12Kg C/ Sist Antimanchas;Eletrodomesticos;Lavadoras de Roupas;;0;0
Lavadora Wanke Premium 20 Kg Branco 220V;Eletrodomesticos;Lavadoras de Roupas;;WANKE;WANKE
Lavadora Wanke Premium 20 Kg Silver 220V;Eletrodomesticos;Lavadoras de Roupas;;WANKE;WANKE
Lavadora Brastemp 15 Kg 110V Front Load Inox 127V;Eletrodomesticos;Lavadoras de Roupas;;BRASTEMP;BRASTEMP
Máquina De Lavar Brastemp 16 Kg Doub Wash Titanio 127V;Eletrodomesticos;Lavadoras de Roupas;;BRASTEMP;BRASTEMP
Máquina Brastemp De Lavar 17 Kg Com Ciclo Tira Manchas E Antibolinhas Branco 220v;Eletrodomesticos;Lavadoras de Roupas;;BRASTEMP;BRASTEMP
Lavadora De Roupas Semiautomática Premium - 20 Kg - Branca- Wanke;Eletrodomesticos;Lavadoras de Roupas;;WANKE;WANKE
Lavadora De Roupas Semiautomática Premium - 20 Kg - Preta - Wanke;Eletrodomesticos;Lavadoras de Roupas;;WANKE;WANKE
Lavadora De Roupas Semiautomática Premium - 20 Kg - Branca- Wanke;Eletrodomesticos;Lavadoras de Roupas;;WANKE;WANKE
Lavadora De Roupas Semiautomática Comfort - 10 Kg - Silver - Wanke;Eletrodomesticos;Lavadoras de Roupas;;WANKE;WANKE
Lavadora De Roupas Semiautomática Evolution - 5 Kg - Branca;Eletrodomesticos;Lavadoras de Roupas;;WANKE;WANKE
Lavadora De Roupas Semiautomática Evolution - 5 Kg - Branca;Eletrodomesticos;Lavadoras de Roupas;;WANKE;WANKE
Lavadora De Roupas Semiautomática Premium Plus - 15 Kg - Branca - Wanke;Eletrodomesticos;Lavadoras de Roupas;;WANKE;WANKE
Lavadora De Roupas Semiautomática Comfort - 10 Kg - Silver - Wanke;Eletrodomesticos;Lavadoras de Roupas;;WANKE;WANKE
Lavadora De Roupas Semiautomática Premium Plus - 15 Kg - Branca - Wanke;Eletrodomesticos;Lavadoras de Roupas;;WANKE;WANKE
Lava Roupas 4kg Mobi Praxis Voltagem 127v;Eletrodomesticos;Lavadoras de Roupas;;PRAXIS ELETRODOMÉSTICOS;PRAXIS ELETRODOMÉSTICOS
Lava Roupas Twin Tub Praxis 10 Kg Lava 4 Kg E Centrifuga 6 Kg Unica 2 Em 1 Do Mercado Voltagem 127v;Eletrodomesticos;Lavadoras de Roupas;;PRAXIS ELETRODOMÉSTICOS;PRAXIS ELETRODOMÉSTICOS
Máquina De Lavar Panasonic F120b1 12kg Branca;Eletrodomesticos;Lavadoras de Roupas;;PANASONIC;PANASONIC
Lavadora Panasonic 17kg Na-f170b7wa Branco Branco 127v;Eletrodomesticos;Lavadoras de Roupas;;PANASONIC;PANASONIC
Lavadora Colormaq Semiautomática 20,1 Kg Lcs 20 380w Prata 220v;Eletrodomesticos;Lavadoras de Roupas;;COLORMAQ;COLORMAQ
Máquina De Lavar Cwb09a 9kg Dosagem Extra Econômica E Ciclo Edredom Consul Branco 127;Eletrodomesticos;Lavadoras de Roupas;;CONSUL;CONSUL
Lavadora Suggar Lavamax 20 Kg Eco Le2002pt Preto 127 V;Eletrodomesticos;Lavadoras de Roupas;;SUGGAR;SUGGAR
Máquina De Lavar Brastemp 17kg Bwk17ab Com Ciclo Tira Manchas Advanced E Ciclo Antibolinha Branca;Eletrodomesticos;Lavadoras de Roupas;;BRASTEMP;BRASTEMP
Lavadora Lavamax Eco 13 Kg Preta 220v Suggar Le1302pt;Eletrodomesticos;Lavadoras de Roupas;;SUGGAR;SUGGAR
Lavadora Lavamax Eco 10 Kg Branca Suggar Le1002pr 220V;Eletrodomesticos;Lavadoras de Roupas;;SUGGAR;SUGGAR
Máquina De Lavar Semi Automática 10kg Britânia BLR03 Branca 220V;Eletrodomesticos;Lavadoras de Roupas;;BRITÂNIA;BRITÂNIA
Lavadora Smart LG VC5 11kg Branca Com Inteligência Artificial AIDD FV3011 127V;Eletrodomesticos;Lavadoras de Roupas;;LG;LG
Lavadora Suggar Lavamax Eco 10kg Preto LE1021PT 110V;Eletrodomesticos;Lavadoras de Roupas;;SUGGAR;SUGGAR
Lavadora Panasonic 17kg Na-f170b7wa Branco Branco 127v;Eletrodomesticos;Lavadoras de Roupas;;PANASONIC;PANASONIC
Lavadora Panasonic 18kg Na-f180p7ta Titanio Titanio 127v;Eletrodomesticos;Lavadoras de Roupas;;PANASONIC;PANASONIC
Tanquinho Poptank 5kg Preto 127v 127v Preto;Eletrodomesticos;Lavadoras de Roupas;;MUELLER;MUELLER
Lavadora Automática Popmatic 8kg 127v Branco 127v;Eletrodomesticos;Lavadoras de Roupas;;MUELLER;MUELLER
Tanquinho Poptank 5kg Preto 127v Preto 127v;Eletrodomesticos;Lavadoras de Roupas;;MUELLER;MUELLER
Tanquinho Supertank Lite 8kg Preto 127v Preto 127v;Eletrodomesticos;Lavadoras de Roupas;;MUELLER;MUELLER
Tanquinho Poptank 5kg 127v Branco 127v;Eletrodomesticos;Lavadoras de Roupas;;MUELLER;MUELLER
Tanquinho Superpop Preto 4kg 127v Preto 127v;Eletrodomesticos;Lavadoras de Roupas;;MUELLER;MUELLER
Lavadora Automática Popmatic 6kg 127v Branco 127v;Eletrodomesticos;Lavadoras de Roupas;;MUELLER;MUELLER
Tanquinho Superpop 4kg 127v Branco 127v;Eletrodomesticos;Lavadoras de Roupas;;MUELLER;MUELLER
Lavadora Semiautomática Plus 4.5kg 127v Branco 127v;Eletrodomesticos;Lavadoras de Roupas;;MUELLER;MUELLER
Lavadora Automática Energy 8kg 127v Branco 127v;Eletrodomesticos;Lavadoras de Roupas;;MUELLER;MUELLER
Lavadora Semiautomática Big 14kg 127v Branco 127v;Eletrodomesticos;Lavadoras de Roupas;;MUELLER;MUELLER
Lavadora Semiautomática Mueller Family Lite 10kg 127v Branca Branco 127v;Eletrodomesticos;Lavadoras de Roupas;;MUELLER;MUELLER
Lavadora Semiautomática Plus 4.5kg Preta 127v Preto 127v;Eletrodomesticos;Lavadoras de Roupas;;MUELLER;MUELLER
Lavadora Semiautomática Britânia BLR04 7 Programas 20,6kg 510W 127V;Eletrodomesticos;Lavadoras de Roupas;;BRITÂNIA;BRITÂNIA
Lavadora Semiautomática Tanquinho Mueller 20kg Big Preto 127 V;Eletrodomesticos;Lavadoras de Roupas;;MUELLER;MUELLER
Lavadora De Roupas Brastemp 13kg Bwk13ab;Eletrodomesticos;Lavadoras de Roupas;;BRASTEMP;BRASTEMP
Tanquinho Colormaq Lcs 10kg Semiautomático Prata;Eletrodomesticos;Lavadoras de Roupas;;COLORMAQ;COLORMAQ
Máquina De Lavar Brastemp 13kg Bwk13ab Branca;Eletrodomesticos;Lavadoras de Roupas;;BRASTEMP;BRASTEMP
Lavadora Samsung Ww4000 Digital Inverter 11kg Inox 220v Ww11j4473pxfaz única único;Eletrodomesticos;Lavadoras de Roupas;;SAMSUNG;SAMSUNG
Lavadora Na-f140b1wa 14 Kg Panasonic Branco 110v;Eletrodomesticos;Lavadoras de Roupas;;PANASONIC;PANASONIC
Máquina De Lavar Mueller Automática 11kg Com Ciclo Rápido Mla11 Branco 220V;Eletrodomesticos;Lavadoras de Roupas;;MUELLER;MUELLER
Lavadora Mueller Automática 17kg Com Ultracentrifugação E Ciclo Rápido Mla17 220v;Eletrodomesticos;Lavadoras de Roupas;;MUELLER;MUELLER
Lavadora Mueller Automática 13kg Com Ultracentrifugação E Ciclo Rápido Mla13 220v;Eletrodomesticos;Lavadoras de Roupas;;MUELLER;MUELLER
Lavadora Mueller Automática 11kg Com Ciclo Rápido Mla11 220v;Eletrodomesticos;Lavadoras de Roupas;;MUELLER;MUELLER
Lavadora Mueller Automática 15kg Com Ultracentrifugação E Ciclo Rápido Mla15 220v;Eletrodomesticos;Lavadoras de Roupas;;MUELLER;MUELLER
Máquina De Lavar Brastemp 15 Kg Bwf15abana Smart Sensor Branco 110v;Eletrodomesticos;Lavadoras de Roupas;;BRASTEMP;BRASTEMP
Máquina de Lavar Roupas 6 kg Premium Controle de Dreno no Painel Praxis Eletrodomésticos 127V;Eletrodomesticos;Lavadoras de Roupas;;PRAXIS ELETRODOMÉSTICOS;PRAXIS ELETRODOMÉSTICOS
Máquina de Lavar Roupas 6 kg Premium Controle de Dreno no Painel Praxis Eletrodomésticos 220V;Eletrodomesticos;Lavadoras de Roupas;;PRAXIS ELETRODOMÉSTICOS;PRAXIS ELETRODOMÉSTICOS
Tanquinho Mueller 4,5kg Plus Branca - 220v;Eletrodomesticos;Lavadoras de Roupas;;MUELLER;MUELLER
Lavadora de Roupas Lavamax Eco 20kg LE2002PR Suggar Prata 220V;Eletrodomesticos;Lavadoras de Roupas;;SUGGAR;SUGGAR
Lavadora Semi Automática 10 Kg Libell Branca 127V;Eletrodomesticos;Lavadoras de Roupas;;LIBELL;LIBELL
Lavadora Semi Automática 14 Kg Libell Branca 220V;Eletrodomesticos;Lavadoras de Roupas;;LIBELL;LIBELL
Lavadora Semi Automática 10 Kg Libell Branca 220V;Eletrodomesticos;Lavadoras de Roupas;;LIBELL;LIBELL
Máquina De Lava Roupas 10 Kg Praxis Eletrodomésticos 127V;Eletrodomesticos;Lavadoras de Roupas;;PRAXIS ELETRODOMÉSTICOS;PRAXIS ELETRODOMÉSTICOS
Máquina De Lava Roupas 6 Kg Praxis Eletrodomésticos 127V;Eletrodomesticos;Lavadoras de Roupas;;PRAXIS ELETRODOMÉSTICOS;PRAXIS ELETRODOMÉSTICOS
Lavadora 2 Em 1 10 Kg Lava 6 Kg E Centrifuga 4 Kg Praxis Eletrodomésticos 127V;Eletrodomesticos;Lavadoras de Roupas;;PRAXIS ELETRODOMÉSTICOS;PRAXIS ELETRODOMÉSTICOS
Lavadora 2 Em 1 10 Kg Lava 6 Kg E Centrifuga 4 Kg Praxis Eletrodomésticos 220V;Eletrodomesticos;Lavadoras de Roupas;;PRAXIS ELETRODOMÉSTICOS;PRAXIS ELETRODOMÉSTICOS
Máquina De Lavar Roupas 10 Kg Premium Controle De Dreno No Painel Praxis Eletrodomésticos 220V;Eletrodomesticos;Lavadoras de Roupas;;PRAXIS ELETRODOMÉSTICOS;PRAXIS ELETRODOMÉSTICOS
Máquina De Lavar Roupas 10 Kg Premium Controle De Dreno No Painel Praxis Eletrodomésticos 127V;Eletrodomesticos;Lavadoras de Roupas;;PRAXIS ELETRODOMÉSTICOS;PRAXIS ELETRODOMÉSTICOS
Máquina De Lava Roupas 6 Kg Praxis Eletrodomésticos 220V;Eletrodomesticos;Lavadoras de Roupas;;PRAXIS ELETRODOMÉSTICOS;PRAXIS ELETRODOMÉSTICOS
Lavadora Suggar Neo Turbilhao 8kg 127V Branco;Eletrodomesticos;Lavadoras de Roupas;;SUGGAR;SUGGAR
Lavadora de Roupas Suggar Eco 20Kg Preta 110V LE2001PT;Eletrodomesticos;Lavadoras de Roupas;;SUGGAR;SUGGAR
Lavadora Suggar Lavamax Eco 15kg Prata 110V LE1521PR;Eletrodomesticos;Lavadoras de Roupas;;SUGGAR;SUGGAR
Lavadora De Roupas Panasonic Automática Com Sistema Ciclone 12 Kg Titânio NA-F120B1TA 110V;Eletrodomesticos;Lavadoras de Roupas;;PANASONIC;PANASONIC
Lavadora LE8002BR Neo Turbilhão 8kg Suggar Branco 110V;Eletrodomesticos;Lavadoras de Roupas;;SUGGAR;SUGGAR
Máquina De Lavar Panasonic 17kg Lavagem Inteligente Branca F170B7WB 220V;Eletrodomesticos;Lavadoras de Roupas;;PANASONIC;PANASONIC
Máquina De Lavar Panasonic 18kg Sistema de Lavagem Ciclone e Antibactéria Titanium F180P7TB 220V;Eletrodomesticos;Lavadoras de Roupas;;PANASONIC;PANASONIC
Lavadora Nova Lavamax Eco 10kg Suggar Preto 110V;Eletrodomesticos;Lavadoras de Roupas;;SUGGAR;SUGGAR
Máquina de Lavar Consul 9Kg Branca Com Dosagem Econômica e Ciclo Edredom CWB09BB 220V;Eletrodomesticos;Lavadoras de Roupas;;CONSUL;CONSUL
Tanquinho Britânia 10kg Semi Automática Branca BLRS10B 110V;Eletrodomesticos;Lavadoras de Roupas;;BRITÂNIA;BRITÂNIA
Tanquinho Britânia 10kg Semi Automática Branca BLRS10B 220V;Eletrodomesticos;Lavadoras de Roupas;;BRITÂNIA;BRITÂNIA
Suggar Nova Lavamax Eco 10kg Prata 110v;Eletrodomesticos;Lavadoras de Roupas;;SUGGAR;SUGGAR
Lavadora Suggar Nova Lavamax Branco 110v;Eletrodomesticos;Lavadoras de Roupas;;SUGGAR;SUGGAR
Micro-ondas Philco Pmo27bb Multifunções 28l 1400w 127v;Eletrodomesticos;Micro-ondas;;PHILCO;PHILCO
Micro-ondas de Embutir Britânia Inox 26l 1400w 127v;Eletrodomesticos;Micro-ondas;;BRITÂNIA;BRITÂNIA
Micro-ondas Philco Multifunções Limpa Fácil 20l 1100w 220v;Eletrodomesticos;Micro-ondas;;PHILCO;PHILCO
Micro-ondas Philco 25l Pmo28s Limpa Fácil 1100w 220v;Eletrodomesticos;Micro-ondas;;PHILCO;PHILCO
Micro-ondas De Embutir 32 Litros Consul Cm146ae Preto 127V;Eletrodomesticos;Micro-ondas;;CONSUL;CONSUL
Micro-ondas 34 Litros Philco Pmo34bb Branco 127v;Eletrodomesticos;Micro-ondas;;PHILCO;PHILCO
Micro-ondas Brastemp Espelhado Grill 32 Litros Inox 220v;Eletrodomesticos;Micro-ondas;;BRASTEMP;BMG45ARBNA
Micro-ondas De Embutir Consul 32L Preto 127V Cm146aeana;Eletrodomesticos;Micro-ondas;;CONSUL;CONSUL
Micro-ondas Electrolux Me3ep Preto 34L 127v 10341cba135;Eletrodomesticos;Micro-ondas;;ELECTROLUX;ELECTROLUX
Micro-Ondas Panasonic 21 Litros Preto Air Fryer 110V Nn-Cd89Nbrun;Eletrodomesticos;Micro-ondas;;PANASONIC;PANASONIC
Micro-ondas De Embutir Consul 32L Preto 127V Cm146aeana;Eletrodomesticos;Micro-ondas;;CONSUL;CONSUL
Micro-ondas Panasonic Dupla Refeição Preto 30L 110V;Eletrodomesticos;Micro-ondas;;PANASONIC;PANASONIC
Micro-ondas Electrolux Me3ep Preto 34 Litros 127v 10341cba135 Preto único;Eletrodomesticos;Micro-ondas;;ELECTROLUX;ELECTROLUX
Microondas Brastemp 32L Display Lcd Função Grill Preto 220v;Eletrodomesticos;Micro-ondas;;BRASTEMP;BRASTEMP
Micro-ondas De Embutir Fischer Platinum Grill 34 L Inox 110v;Eletrodomesticos;Micro-ondas;;FISCHER;FISCHER
Microondas De Embutir Brastemp Gourmand 40L Bmo40arbna Inox 220v;Eletrodomesticos;Micro-ondas;;BRASTEMP;BRASTEMP
Micro-ondas Mondial Mo-01-21-w 21litros 1200w Branco 127v;Eletrodomesticos;Micro-ondas;;MONDIAL;MONDIAL
Micro-ondas Mondial 34 Litros 1.400w Espelhado Prata 220V;Eletrodomesticos;Micro-ondas;;MONDIAL;MONDIAL
Micro-ondas Mondial 34 Litros 1.400w Espelhado Prata 127V;Eletrodomesticos;Micro-ondas;;MONDIAL;MONDIAL
Micro-ondas Mondial Mo-01-21-w 21litros 1200w Branco 127v;Eletrodomesticos;Micro-ondas;;MONDIAL;MONDIAL
Micro-ondas Mondial 34 Litros 1.400w Espelhado Prata 220V;Eletrodomesticos;Micro-ondas;;MONDIAL;MONDIAL
Micro-ondas Mondial 34 Litros 1.400w Espelhado Prata 127V;Eletrodomesticos;Micro-ondas;;MONDIAL;MONDIAL
Forno Micro-ondas Fischer Fit Line Embutir 25 Litros Inox 127V;Eletrodomesticos;Micro-ondas;;FISCHER;FISCHER
Microondas 21L Porta Espelhada Nn-st27l Panasonic Branco 220V;Eletrodomesticos;Micro-ondas;;PANASONIC;PANASONIC
Microondas 21 Litros 700w Nnst25lw Panasonic Branco 220V;Eletrodomesticos;Micro-ondas;;PANASONIC;PANASONIC
Forno Micro Ondas Nnst67lsruk 34L Porta Espelhada Panasonic Inox 220V;Eletrodomesticos;Micro-ondas;;PANASONIC;PANASONIC
Microondas 34 Litros 900w Nn-st65lw Panasonic Branco 220V;Eletrodomesticos;Micro-ondas;;PANASONIC;PANASONIC
Forno Micro-ondas Efficient 36 Litros Electrolux Branco 110v;Eletrodomesticos;Micro-ondas;;ELECTROLUX;ELECTROLUX
Forno Micro-ondas Efficient 23L Electrolux Branco 110v;Eletrodomesticos;Micro-ondas;;ELECTROLUX;ELECTROLUX
Microondas Electrolux Mi41s Prata 110V;Eletrodomesticos;Micro-ondas;;ELECTROLUX;ELECTROLUX
Forno Microondas Consul Inox Espelhado Cm020bfana Cinza 110v;Eletrodomesticos;Micro-ondas;;CONSUL;CONSUL
Microondas Electrolux Mi41s Prata 110V;Eletrodomesticos;Micro-ondas;;ELECTROLUX;ELECTROLUX
Forno Micro-ondas 23 Litros Me23s Electrolux Prata 110v;Eletrodomesticos;Micro-ondas;;ELECTROLUX;ELECTROLUX
Micro-ondas 21l Mondial Mo-01-21-w 220v/60hz .;Eletrodomesticos;Micro-ondas;;MONDIAL;MONDIAL
Micro-ondas 21l Mondial Mo-01-21-b 127v/60hz .;Eletrodomesticos;Micro-ondas;;MONDIAL;MONDIAL
Micro-ondas 21l Mondial Mo-01-21-b 220v/60hz .;Eletrodomesticos;Micro-ondas;;MONDIAL;MONDIAL
Micro-ondas de Embutir Fit Line 25L Moldura Inox Fischer 220V;Eletrodomesticos;Micro-ondas;;FISCHER;FISCHER
Micro-ondas De Embutir Fit Line 25 L Moldura Preta 220 V Fischer;Eletrodomesticos;Micro-ondas;;FISCHER;FISCHER
Kit Forno Elétrico Embutir 71L+Micro-ondas 25L 220V Tramontina;Eletrodomesticos;Micro-ondas;;TRAMONTINA;TRAMONTINA
Micro-ondas Consul De Embutir 32 Litros Preto Cm146ae 110v;Eletrodomesticos;Micro-ondas;;CONSUL;CONSUL
Micro-ondas Consul De Embutir 32 Litros Preto Cm146ae 110v;Eletrodomesticos;Micro-ondas;;CONSUL;CONSUL
Micro-ondas De Embutir Electrolux 34 Litros Me3ep Preto 127v;Eletrodomesticos;Micro-ondas;;ELECTROLUX;ELECTROLUX
Microondas Brastemp 32L Display Lcd Função Grill Preto 220v;Eletrodomesticos;Micro-ondas;;BRASTEMP;BRASTEMP
Microondas De Embutir Brastemp Gourmand 40l - Bmo40arbna Inox 220v;Eletrodomesticos;Micro-ondas;;BRASTEMP;BRASTEMP
Micro-ondas Mondial 34 Litros 1400W Preto 127V;Eletrodomesticos;Micro-ondas;;MONDIAL;MONDIAL
Micro-ondas De Embutir Brastemp 32l Bm146aeana Preto 127v;Eletrodomesticos;Micro-ondas;;BRASTEMP;BRASTEMP
Micro-ondas Mondial 34 Litros 1400W Preto 127V;Eletrodomesticos;Micro-ondas;;MONDIAL;MONDIAL
Micro-ondas Mondial 34 Litros 1.400w Espelhado Prata 220 V;Eletrodomesticos;Micro-ondas;;MONDIAL;MONDIAL
Micro-ondas Mondial 34 Litros 1.400w Espelhado Prata 127V;Eletrodomesticos;Micro-ondas;;MONDIAL;MONDIAL
Forno Micro-ondas 21 Litros Porta Espelhada Branco 127v;Eletrodomesticos;Micro-ondas;;PANASONIC;PANASONIC
Forno Microondas 32l 1400w Amic01n-01 14446 Agratto Preto 127v;Eletrodomesticos;Micro-ondas;;AGRATTO;AGRATTO
Forno Micro-ondas 21 Litros Porta Espelhada Branco 127v;Eletrodomesticos;Micro-ondas;;PANASONIC;PANASONIC
Micro-ondas Consul Branco Menu Fácil 32 Litros 900w Cms46ab 220V;Eletrodomesticos;Micro-ondas;;CONSUL;CONSUL
Micro-ondas 20l Branco Porta Preta Minuto Fácil Midea - 110v 110v;Eletrodomesticos;Micro-ondas;;MIDEA;MIDEA
Micro-ondas Brastemp 38l Inox Espelhado Com Grill - Bmj38ar - 220v 220v;Eletrodomesticos;Micro-ondas;;BRASTEMP;BRASTEMP
Micro-ondas Brastemp 38l Inox Espelhado Com Grill 110v;Eletrodomesticos;Micro-ondas;;BRASTEMP;BRASTEMP
Micro-ondas Consul Branco Menu Fácil 32 Litros 900W CMS46AB 110V;Eletrodomesticos;Micro-ondas;;CONSUL;CONSUL
Micro-ondas 20l Prata Porta Espelhada Minuto Fácil Midea - 220v 220v;Eletrodomesticos;Micro-ondas;;MIDEA;MIDEA
Micro-ondas Menu Gourmet Bms46ab 32 Litros Branco Brastemp - 110v 110v;Eletrodomesticos;Micro-ondas;;BRASTEMP;BRASTEMP
Micro-ondas Brastemp 38l Inox Espelhado Com Grill - Bmj38ar - 220v 220v;Eletrodomesticos;Micro-ondas;;BRASTEMP;BRASTEMP
Micro-ondas Consul 32 Litros Branco Com Menu Fácil CMS46AB 220v;Eletrodomesticos;Micro-ondas;;CONSUL;CONSUL
Micro-ondas Brastemp 20 Litros Inox Espelhado - Bms20ar - 110v 110v;Eletrodomesticos;Micro-ondas;;BRASTEMP;BRASTEMP
Forno Micro-ondas Consul CM020BF Menu Uso Fácil 20L Inox 220V;Eletrodomesticos;Micro-ondas;;CONSUL;CONSUL
Micro-ondas Consul 32 Litros Cor Cinza Espelhado CMS46AR 110V;Eletrodomesticos;Micro-ondas;;CONSUL;CONSUL
Micro-ondas De Embutir Panasonic 28 Litros Inox 220v Nn-gb68hsruk única único;Eletrodomesticos;Micro-ondas;;PANASONIC;PANASONIC
Micro-ondas Panasonic Dupla Refeição Preto 30L 110V;Eletrodomesticos;Micro-ondas;;PANASONIC;PANASONIC
Microondas Brastemp 32L Display Lcd Função Grill Preto 220v;Eletrodomesticos;Micro-ondas;;BRASTEMP;BRASTEMP
Microondas Brastemp 32L Display Lcd Função Grill Preto 220v;Eletrodomesticos;Micro-ondas;;BRASTEMP;BRASTEMP
Forno Micro-ondas 34 Litros 900w Panasonic Branco 127v;Eletrodomesticos;Micro-ondas;;PANASONIC;PANASONIC
Micro-ondas De Embutir Brastemp 32l Bm146aeana Preto 127v;Eletrodomesticos;Micro-ondas;;BRASTEMP;BRASTEMP
Micro-ondas 21l Mondial Mo-01-21-w 127v/60hz .;Eletrodomesticos;Micro-ondas;;MONDIAL;MONDIAL
Micro-ondas 34l Mondial Mo-02-34-e 220v/60hz .;Eletrodomesticos;Micro-ondas;;MONDIAL;MONDIAL
Micro-ondas 21l Mondial Mo-01-21-w 220v/60hz .;Eletrodomesticos;Micro-ondas;;MONDIAL;MONDIAL
Micro-ondas Consul Embut Cm146ae Preto 127v;Eletrodomesticos;Micro-ondas;;CONSUL;CONSUL
Forno Micro-ondas Efficient 36 Litros Electrolux Branco 110v;Eletrodomesticos;Micro-ondas;;ELECTROLUX;ELECTROLUX
Micro-ondas 34l Mondial Mo-02-34-w 127v/60hz .;Eletrodomesticos;Micro-ondas;;MONDIAL;MONDIAL
Forno Micro-ondas Fischer Fit Line Embutir 25 Litros Inox 127V;Eletrodomesticos;Micro-ondas;;FISCHER;FISCHER
Micro-ondas Electrolux Me3ep Preto 34 Litros 127v 10341cba135 Preto único;Eletrodomesticos;Micro-ondas;;ELECTROLUX;ELECTROLUX
Micro-Ondas Eletrolux De Bancada Efficient 36L Inox 220V;Eletrodomesticos;Micro-ondas;;ELETROLUX;ELETROLUX
Micro-ondas Eletrolux De Bancada Efficient 36l Inox 127v;Eletrodomesticos;Micro-ondas;;ELECTROLUX;ELECTROLUX
Micro-ondas Eletrolux De Bancada Efficient 36l Inox 127v;Eletrodomesticos;Micro-ondas;;ELETROLUX;ELETROLUX
Micro-ondas Eletrolux Bancada Efficient 36l Branco 220v;Eletrodomesticos;Micro-ondas;;ELECTROLUX;ELECTROLUX
Microondas De Embutir Brastemp Gourmand 40l - Bmo40arbna Inox 220v;Eletrodomesticos;Micro-ondas;;BRASTEMP;BRASTEMP
Micro-ondas Mondial 34 Litros 1.400w Espelhado Prata 220 V;Eletrodomesticos;Micro-ondas;;MONDIAL;MONDIAL
Micro-ondas Mondial 34 Litros 1.400w Espelhado Prata 127V;Eletrodomesticos;Micro-ondas;;MONDIAL;MONDIAL
Microondas, Forno E Grill Digital 60cm 220v Cuisinart Casual;Eletrodomesticos;Micro-ondas;;CUISINART;CUISINART
Micro-ondas LG Grill NeoChef 30 Litros 127V Preto Limpa Fácil MG3035DS;Eletrodomesticos;Micro-ondas;;LG;LG
Micro-ondas LG NeoChef 30 Litros Preto Limpa Fácil MS3033DSA 220V;Eletrodomesticos;Micro-ondas;;LG;LG
Micro-ondas 30l Lg Ms3095lra Prata 220v;Eletrodomesticos;Micro-ondas;;LG;LG
Micro-ondas Electrolux Me3ep Preto 34L 127v 10341cba135;Eletrodomesticos;Micro-ondas;;ELECTROLUX;ELECTROLUX
Micro-Ondas Panasonic 21 Litros Preto Air Fryer 110V Nn-Cd89Nbrun;Eletrodomesticos;Micro-ondas;;PANASONIC;PANASONIC
Microondas De Embutir Tramontina Inox 25l Aço Inox 220v;Eletrodomesticos;Micro-ondas;;TRAMONTINA;TRAMONTINA
Micro-ondas Mondial Mo-01-21-w 21litros 1200w Branco 127v;Eletrodomesticos;Micro-ondas;;MONDIAL;MONDIAL
Micro-ondas 34l Mondial - 5618-02 Prata - Espelhado 220 Volts;Eletrodomesticos;Micro-ondas;;MONDIAL;MONDIAL
Micro-ondas 36l Electrolux - Me36b Branco 110 Volts;Eletrodomesticos;Micro-ondas;;ELECTROLUX;ELECTROLUX
Micro-ondas Electrolux Me36b 36 Litros Branco E Cinza;Eletrodomesticos;Micro-ondas;;ELECTROLUX;ELECTROLUX
Micro-ondas Electrolux Branco 36l Efficient (me36b) 127v;Eletrodomesticos;Micro-ondas;;ELECTROLUX;ELECTROLUX
Micro-ondas Electrolux Branco 36l Efficient (me36b) 220v;Eletrodomesticos;Micro-ondas;;ELECTROLUX;ELECTROLUX
Forno Micro-ondas 23 Litros Me23s Electrolux Prata 110v;Eletrodomesticos;Micro-ondas;;ELECTROLUX;ELECTROLUX
Micro-ondas Consul De Embutir 32 Litros Preto Cm146ae 110v;Eletrodomesticos;Micro-ondas;;CONSUL;CONSUL
Micro-ondas Fischer Fit Line Embutir 25 Litros Moldura Inox 34900 220v;Eletrodomesticos;Micro-ondas;;FISCHER;FISCHER
Micro-ondas Fischer Fit Line Embutir 25 Litros Moldura Branco 34910 220v;Eletrodomesticos;Micro-ondas;;FISCHER;FISCHER
Micro-ondas Fischer Fit Line Embutir 25 Litros Moldura Preto 34915 127v;Eletrodomesticos;Micro-ondas;;FISCHER;FISCHER
Micro-ondas Consul 32 Litros Branco Com Menu Fácil CMS46AB 220v;Eletrodomesticos;Micro-ondas;;CONSUL;CONSUL
Micro-ondas Mondial 34 Litros 1.400w Espelhado Prata 220V;Eletrodomesticos;Micro-ondas;;MONDIAL;MONDIAL
Micro-ondas Mondial 34 Litros 1.400w Espelhado Prata 127V;Eletrodomesticos;Micro-ondas;;MONDIAL;MONDIAL
Micro-ondas Mondial 34 Litros 1.400w Espelhado Prata 220 V;Eletrodomesticos;Micro-ondas;;MONDIAL;MONDIAL
Micro-ondas Mondial 34 Litros 1.400w Espelhado Prata 127V;Eletrodomesticos;Micro-ondas;;MONDIAL;MONDIAL
Micro-ondas Britânia 34L 1400w BMO34PB 127V;Eletrodomesticos;Micro-ondas;;BRITÂNIA;BRITÂNIA
Microondas, Forno E Grill Analógico 54cm 220v Cuisinart Casual;Eletrodomesticos;Micro-ondas;;CUISINART;CUISINART
Microondas Panasonic Bancada 34L Preto 110V NN-ST66NBRUN;Eletrodomesticos;Micro-ondas;;PANASONIC;PANASONIC
Microondas, Forno E Grill Elétrico 60cm 220v Cuisinart Arkton;Eletrodomesticos;Micro-ondas;;CUISINART;CUISINART
Micro-ondas Philco 25L 1100W PM27 Limpa Fácil 127V;Eletrodomesticos;Micro-ondas;;PHILCO;PHILCO
Micro-ondas Consul 20L Inox Espelhado Com Função Descongelar CM020BF Inox 110V;Eletrodomesticos;Micro-ondas;;CONSUL;CONSUL
Micro-ondas Philco 25L 1100W PM27 Limpa Fácil 220V;Eletrodomesticos;Micro-ondas;;PHILCO;PHILCO
Purificador De Agua Colormaq Compressor Branco 220v Cpuhfba1;Eletrodomesticos;Purificadores de Agua;;COLORMAQ;COLORMAQ
Purificador De Agua Classe A Cpc31abona Consul Branco;Eletrodomesticos;Purificadores de Agua;;CONSUL;CONSUL
Purificador De água Premium Colormaq Branco 127;Eletrodomesticos;Purificadores de Agua;;COLORMAQ;COLORMAQ
Purificador de Água Consul Cpb34 água Natural+Gelada Bivolt;Eletrodomesticos;Purificadores de Agua;;CONSUL;CONSUL
Purificador De água Consul Cpb34c água Natural Gelada Bivolt;Eletrodomesticos;Purificadores de Agua;;CONSUL;CONSUL
Purificador Consul Eletrônico Refrigeração Cpb33ab Branco;Eletrodomesticos;Purificadores de Agua;;CONSUL;CONSUL
Purificador De água Ibbl Fr600 Speciale Branco - 110v 110v;Eletrodomesticos;Purificadores de Agua;;IBBL;IBBL
Purificador Esmaltec Acqua 7 Branco 127v;Eletrodomesticos;Purificadores de Agua;;ESMALTEC;ESMALTEC
Purificador De Agua Colormaq Compressor Branco 220v Cpuhfba1;Eletrodomesticos;Purificadores de Agua;;COLORMAQ;COLORMAQ
Purificador Agua Electrolux Eletronico Compacto Pure Pe12b - 09140gbc006 Branco Bivolt;Eletrodomesticos;Purificadores de Agua;;ELECTROLUX;ELECTROLUX
Purificador De Água Gelada Bactericida Titanium Cpb36Afana 127V - Consul;Eletrodomesticos;Purificadores de Agua;;CONSUL;CONSUL
Purificador De água Alcalina Ionizada Gelada Health Energy Vermelho 220v - Top Life;Eletrodomesticos;Purificadores de Agua;;TOP LIFE;TOP LIFE
Filtro Purificador água Com Super Ozônio Gelada Bactericida 220v Flex Oxi Preto - Top Life;Eletrodomesticos;Purificadores de Agua;;TOP LIFE;TOP LIFE
Purificador De água Ibbl Fr600 Speciale Prata - 220v 220v;Eletrodomesticos;Purificadores de Agua;;IBBL;IBBL
Purificador Água Gelada Bactericida Pa31G Bivolt - Electrolux;Eletrodomesticos;Purificadores de Agua;;ELECTROLUX;ELECTROLUX
Purificador De água Para Torneira Lorenzetti Versatille;Eletrodomesticos;Purificadores de Agua;;LORENZETTI;LORENZETTI
Purificador De água Gelada Fria E Natural Pe12b Electrolux;Eletrodomesticos;Purificadores de Agua;;ELECTROLUX;ELECTROLUX
Purificador De água Natural Blue Oxi Vermelho 220v - Top Life;Eletrodomesticos;Purificadores de Agua;;TOP LIFE;TOP LIFE
Filtro Purificador Água Gelada E Natural Ionizada Ph 9,5 Redox E Pral Negativo Cpd 19 - Hoken Preto;Eletrodomesticos;Purificadores de Agua;;HOKEN;HOKEN
Filtro Purificador Água Gelada E Natural Ionizada Ph 9,5 Redox E Pral Negativo Cpd 19 - Hoken Preto;Eletrodomesticos;Purificadores de Agua;;HOKEN;HOKEN
Filtro Purificador Água Gelada E Natural Ionizada Ph 9,5 Redox E Pral Negativo Cpd 19 - Hoken Branco;Eletrodomesticos;Purificadores de Agua;;HOKEN;HOKEN
Filtro Purificador Água Gelada E Natural Ionizada Ph 9,5 Redox E Pral Negativo Cpd 19 - Hoken Preto;Eletrodomesticos;Purificadores de Agua;;HOKEN;HOKEN
Filtro Purificador Água Gelada E Natural Ionizada Ph 9,5 Redox E Pral Negativo Cpd 19 - Hoken Branco;Eletrodomesticos;Purificadores de Agua;;HOKEN;HOKEN
Filtro Purificador Água Gelada E Natural Ionizada Ph 9,5 Redox E Pral Negativo Cpd 19 - Hoken Preto;Eletrodomesticos;Purificadores de Agua;;HOKEN;HOKEN
Filtro Purificador Água Gelada E Natural Ionizada Ph 9,5 Pral Negativo Cpd 19 Branco 110 - Hoken;Eletrodomesticos;Purificadores de Agua;;HOKEN;HOKEN
Filtro Purificador Água Gelada E Natural Ionizada Ph 9,5 Pral Negativo Cpd 19 Preto 220 - Hoken;Eletrodomesticos;Purificadores de Agua;;HOKEN;HOKEN
Filtro Purificador Água Gelada E Natural Ionizada Ph 9,5 Redox E Pral Negativo Cpd 19 - Hoken Preto;Eletrodomesticos;Purificadores de Agua;;HOKEN;HOKEN
Filtro Purificador água C/ Super Ozonio Gelada Bactericida Branco 127v Flex Oxi - Top Life;Eletrodomesticos;Purificadores de Agua;;TOP LIFE;TOP LIFE
"Purificador De água Gelada Bactericida Fr 600 Exclusive - Ibbl Cor:preto;voltagem:110";Eletrodomesticos;Purificadores de Agua;;IBBL;IBBL
Purificador Agua Electrolux Eletronico Compacto Pure Pe12G - 09140Gbc085 Cinza Bivolt;Eletrodomesticos;Purificadores de Agua;;ELECTROLUX;ELECTROLUX
Refrigerador Philco Side By Side 489l Prf504i 220v;Eletrodomesticos;Refrigeradores-Geladeiras;;PHILCO;PHILCO
Refrigerador Philco 482L French Door Inverse 127v PFR500I;Eletrodomesticos;Refrigeradores-Geladeiras;;PHILCO;PHILCO
Refrigerador Philco French Door Inverse 4 Portas 403l PRF411I Inverter 127V;Eletrodomesticos;Refrigeradores-Geladeiras;;PHILCO;PHILCO
Refrigerador-geladeira Side By Side Philco Prf535id 434l 220v;Eletrodomesticos;Refrigeradores-Geladeiras;;PHILCO;PHILCO
Geladeira Brastemp Inverse 543 Litros Inox 110v BRO90AKANA;Eletrodomesticos;Refrigeradores-Geladeiras;;BRASTEMP;Brastemp
Geladeira Samsung Side by Side Inverter 601 Litros Inox Look 110V RS65R5691M9/AZ;Eletrodomesticos;Refrigeradores-Geladeiras;;SAMSUNG;SAMSUNG
Geladeira Panasonic Frost Free Black Glass 480l 110v Nr-bb71gvfba;Eletrodomesticos;Refrigeradores-Geladeiras;;PANASONIC;PANASONIC
Geladeira Brastemp Bro85ak Frost Free French Door A+++ 554 Litros Inox 110v Bro85akana;Eletrodomesticos;Refrigeradores-Geladeiras;;BRASTEMP;BRASTEMP
Geladeira Panasonic Frost Free 397 Litros Inox 110v Nr-bb41pv1ta;Eletrodomesticos;Refrigeradores-Geladeiras;;PANASONIC;PANASONIC
Geladeira French Door Family Hub Rf27 564l Preta 3 Portas 110v Rf27cg5910b1az;Eletrodomesticos;Refrigeradores-Geladeiras;;SAMSUNG;SAMSUNG
Geladeira Samsung French Door Rf26 4 Portas 110v Rf26cg7400sraz;Eletrodomesticos;Refrigeradores-Geladeiras;;SAMSUNG;SAMSUNG
Geladeira Smart French Door Rf27 576l 3 Portas 110v Rf27cg5410sraz;Eletrodomesticos;Refrigeradores-Geladeiras;;SAMSUNG;SAMSUNG
Refrigerador Panasonic Bottom Freezer 425L Inverse Cinza NR-BB53GV3MB 220V;Eletrodomesticos;Refrigeradores-Geladeiras;;PANASONIC;PANASONIC
Refrigerador Brastemp Duplex Smart Flow Inverse 447L Inox BRE57FKANA 110V;Eletrodomesticos;Refrigeradores-Geladeiras;;BRASTEMP;BRASTEMP
Geladeira Brastemp Gourmand Frost Free French Door 515l Inox 110v Brh86arana;Eletrodomesticos;Refrigeradores-Geladeiras;;BRASTEMP;BRASTEMP
Geladeira Samsung Bespoke Duplex Inverse Frost Free 328L Inox 110V RB33A3070AP;Eletrodomesticos;Refrigeradores-Geladeiras;;SAMSUNG;SAMSUNG
Refrigerador Samsung Smart French Door 3 Portas 576L Inox RF27CG5410SRBZ220V;Eletrodomesticos;Refrigeradores-Geladeiras;;SAMSUNG;SAMSUNG
Geladeira Electrolux Multidoor Efficient Com Autosense E Inverter 590 L Inox Look Im8s 127V;Eletrodomesticos;Refrigeradores-Geladeiras;;ELECTROLUX;ELECTROLUX
Geladeira Electrolux Multidoor Efficient Com Autosense E Inverter 590 L Inox Look Im8s 127v 02623fba130 Inox único;Eletrodomesticos;Refrigeradores-Geladeiras;;ELECTROLUX;ELECTROLUX
Geladeira Inverter Black Glass Frost Free 425 Lt Preto/110v;Eletrodomesticos;Refrigeradores-Geladeiras;;OUTRAS MARCAS;OUTRAS MARCAS
Refrigerador Brastemp Duplex Smart Flow Inverse 447L Inox 110V BRE57FKANA;Eletrodomesticos;Refrigeradores-Geladeiras;;BRASTEMP;BRASTEMP
Geladeira Electrolux Multidoor Efficient Com Autosense E Inverter 590 L Inox Look Im8s 127v 02623fba130 Inox único;Eletrodomesticos;Refrigeradores-Geladeiras;;ELECTROLUX;ELECTROLUX
Refrigerador 2 Portas 431 Litros Frost Free Tf55 Electrolux Branco 110v;Eletrodomesticos;Refrigeradores-Geladeiras;;ELECTROLUX;ELECTROLUX
Refrigerador Continental Tc44s Frost Free Duplex 394 Litros Prata 110v;Eletrodomesticos;Refrigeradores-Geladeiras;;CONTINENTAL;CONTINENTAL
Refrigerador Panasonic Bt50 435l Econavi Frost Free Nr-bt50bd3w Branco 220v;Eletrodomesticos;Refrigeradores-Geladeiras;;PANASONIC;PANASONIC
Refrigerador Panasonic Bt50 435l Econavi Frost Free Nr-bt50bd3w Branco 110v;Eletrodomesticos;Refrigeradores-Geladeiras;;PANASONIC;PANASONIC
Refrigerador Panasonic Bt50 435l Econavi Ff Nr-bt50bd3x Aço Escovado 110v;Eletrodomesticos;Refrigeradores-Geladeiras;;PANASONIC;PANASONIC
Refrigerador 240 Litros 1 Porta Classe A Electrolux - Re31 Branco 110v;Eletrodomesticos;Refrigeradores-Geladeiras;;ELECTROLUX PORTATEIS;ELECTROLUX PORTATEIS
Geladeira Panasonic Bt41 Dúplex Frost Free Turbo Freezer Panasonic Branco 110v;Eletrodomesticos;Refrigeradores-Geladeiras;;PANASONIC;PANASONIC
Geladeira Frost Free Crm44abana 386L Consul Branco 110v;Eletrodomesticos;Refrigeradores-Geladeiras;;CONSUL;CONSUL
Refrigerador Consul 342 Litros Frost Free 1 Porta Crb39ab Branco 220v;Eletrodomesticos;Refrigeradores-Geladeiras;;CONSUL;CONSUL
Refrigerador Consul 334L Defrost 2 Portas Crb37e Branco 110v;Eletrodomesticos;Refrigeradores-Geladeiras;;CONSUL;CONSUL
Refrigerador Consul 261L Degelo Seco 1Pta Cra30fb Branco110v;Eletrodomesticos;Refrigeradores-Geladeiras;;CONSUL;CONSUL
Geladeira Frost Free Crm44abana 386L Consul Branco 220v;Eletrodomesticos;Refrigeradores-Geladeiras;;CONSUL;CONSUL
Refrigerador Consul 342 Litros Frost Free 1 Porta Crb39ab Branco 110v;Eletrodomesticos;Refrigeradores-Geladeiras;;CONSUL;CONSUL
Refrigerador Continental Tc41 Frost Free Duplex 370 Litros Branco 110v;Eletrodomesticos;Refrigeradores-Geladeiras;;ROYAL PRO;ROYAL PRO
Refrigerador Evox 340l Com Freezer 72l Consul Prata 220v;Eletrodomesticos;Refrigeradores-Geladeiras;;CONSUL;CONSUL
Refrigerador Consul Crm56fbana 451 Litros Frost Free 2 Portas 127v Branco 110v;Eletrodomesticos;Refrigeradores-Geladeiras;;CONSUL;CONSUL
Refrigerador Crm56fb 450 Litros Frost Free 2 Portas 220v Consul Branco 220v;Eletrodomesticos;Refrigeradores-Geladeiras;;CONSUL;CONSUL
Refrigerador Duplex Frost Free 340 L Com Freezer 72 L Consul Branco 220v;Eletrodomesticos;Refrigeradores-Geladeiras;;CONSUL;CONSUL
Refrigerador Consul Crm50fkana 410 Litros Frost Free 2 Portas Inox 127v Inox 110v;Eletrodomesticos;Refrigeradores-Geladeiras;;CONSUL;CONSUL
Refrigerador Nr-bb53gv3ma 425l Inverter Espelhado Panasonic Espelhado 110v;Eletrodomesticos;Refrigeradores-Geladeiras;;PANASONIC;PANASONIC
Ref. Consul Crb36 300L Ff Crb36abbna 1 Porta Br 220v Branco 220V;Eletrodomesticos;Refrigeradores-Geladeiras;;CONSUL;CONSUL
Refrigerador Panasonic Nr-bb41pv1ta 397 L Inverter/inverse Titanio 127v;Eletrodomesticos;Refrigeradores-Geladeiras;;PANASONIC;PANASONIC
Refrigerador Brastemp Brm54 400l Ff 2pta Brm54jbbna Br Branco 220v;Eletrodomesticos;Refrigeradores-Geladeiras;;BRASTEMP;BRASTEMP
Geladeira Consul Frost Free Duplex 386 Litros CRM44AK Inox 220V;Eletrodomesticos;Refrigeradores-Geladeiras;;CONSUL;CONSUL
Refrigerador Panasonic Bb53 425l Inverter Frost Free Nr-bb53pv3w Branco 220v;Eletrodomesticos;Refrigeradores-Geladeiras;;PANASONIC;PANASONIC
Refrigerador Consul Crb36 300l Ff Crb36abana 1pta Br Branco 110V;Eletrodomesticos;Refrigeradores-Geladeiras;;CONSUL;CONSUL
Geladeira/Refrigerador Electrolux Frost Free Duplex 371l Dfn41 Branco 220v;Eletrodomesticos;Refrigeradores-Geladeiras;;ELECTROLUX;ELECTROLUX
Geladeira/Refrigerador Electrolux Frost Free Duplex 371l Dfn41 Branco 127v;Eletrodomesticos;Refrigeradores-Geladeiras;;ELECTROLUX;ELECTROLUX
Refrigerador Consul Duplex 334 L Cycle Defrost Crd37 Branco 220v;Eletrodomesticos;Refrigeradores-Geladeiras;;CONSUL;CONSUL
Geladeira/Refrigerador Brastemp 375 L 2 Portas Frost Free Evox 127v;Eletrodomesticos;Refrigeradores-Geladeiras;;BRASTEMP;BRASTEMP
Refrigerador Electrolux 2 Portas 370 L Frost Free Dfx41 Inox 220v;Eletrodomesticos;Refrigeradores-Geladeiras;;ELECTROLUX;ELECTROLUX
Refrigerador Electrolux Cycle Defrost 260 Litros 2 Portas Design Moderno Branco 110V DC35A;Eletrodomesticos;Refrigeradores-Geladeiras;;ELECTROLUX;ELECTROLUX
Geladeira Brastemp 375 L 2 Portas Frost Free Brm44hb Branco 127v;Eletrodomesticos;Refrigeradores-Geladeiras;;BRASTEMP;BRASTEMP
Geladeira Electrolux Frost Free Duple 431L Platinum 127v;Eletrodomesticos;Refrigeradores-Geladeiras;;ELECTROLUX;ELECTROLUX
Geladeira Brastemp 375 Litros 2 Portas Frost Free Brm44hb Branco 220 V;Eletrodomesticos;Refrigeradores-Geladeiras;;BRASTEMP;BRASTEMP
Geladeira/ Refrigerador Electrolux Duplex Top Freezer Frost Free 431 Litros Branco TF55 127V;Eletrodomesticos;Refrigeradores-Geladeiras;;ELECTROLUX;ELECTROLUX
Geladeira Electrolux Automático Duplex 431L Branco 220v;Eletrodomesticos;Refrigeradores-Geladeiras;;ELECTROLUX;ELECTROLUX
Refrigerador Brastemp Bre58ak Inverse 588l Inox 127v;Eletrodomesticos;Refrigeradores-Geladeiras;;BRASTEMP;BRASTEMP
Refrigeador Consul Frost Free Inox 386 L Duplex 220V;Eletrodomesticos;Refrigeradores-Geladeiras;;CONSUL;CONSUL
Geladeira Brastemp Frost Free Brh85Akbna Inox 127V;Eletrodomesticos;Refrigeradores-Geladeiras;;BRASTEMP;BRASTEMP
Geladeira Consul Frost Free 410 L Crm50fk Inox 127 V;Eletrodomesticos;Refrigeradores-Geladeiras;;CONSUL;CONSUL
Geladeira Consul Frost Free 410 Litros Duplex Crm50fbbna Branco 220 V;Eletrodomesticos;Refrigeradores-Geladeiras;;CONSUL;CONSUL
Geladeira Consul Frost Free 451l Crm56fb Branco 220 V;Eletrodomesticos;Refrigeradores-Geladeiras;;CONSUL;CONSUL
Geladeira Electrolux 490l Efficient Com Autosense Inverse Inox IB7S 220V;Eletrodomesticos;Refrigeradores-Geladeiras;;ELECTROLUX;ELECTROLUX
Geladeira Electrolux 490L Efficient Com Autosense Inverse Inox IB7S 127V;Eletrodomesticos;Refrigeradores-Geladeiras;;ELECTROLUX;ELECTROLUX
Geladeira Side By Side RS52 Com All Around Cooling 490 Litros Inox 220V;Eletrodomesticos;Refrigeradores-Geladeiras;;SAMSUNG;SAMSUNG
Geladeira Electrolux Frost Free 390 Litros Inverter Autosense Branco IF43 220V;Eletrodomesticos;Refrigeradores-Geladeiras;;ELECTROLUX;ELECTROLUX
Refrigerador Electrolux Com 1 Porta 240 L Branco 110v;Eletrodomesticos;Refrigeradores-Geladeiras;;ELECTROLUX;ELECTROLUX
Refrigeador Consul Frost Free 386 L Duplex Branco 220V;Eletrodomesticos;Refrigeradores-Geladeiras;;CONSUL;CONSUL
Geladeira Brastemp Frost Free Duplex 400l Branco 220v;Eletrodomesticos;Refrigeradores-Geladeiras;;BRASTEMP;BRASTEMP
Geladeira Electrolux Frost Free 390 Litros Inverter Efficient Preto IF43B 127V;Eletrodomesticos;Refrigeradores-Geladeiras;;ELECTROLUX;ELECTROLUX
Refrigerador Brastemp 375L 2 Portas Frost Free Evox 220v;Eletrodomesticos;Refrigeradores-Geladeiras;;BRASTEMP;BRASTEMP
Geladeira 261L 1 Porta Degelo Classe A Consul Branco 110v;Eletrodomesticos;Refrigeradores-Geladeiras;;CONSUL;CONSUL
Geladeira 2 Portas 375L Frost Free Fresh Zone Brm44 Brastemp Branco 220V;Eletrodomesticos;Refrigeradores-Geladeiras;;BRASTEMP;BRASTEMP
Geladeira 2 Portas 480L Inverter Frost Free Panasonic Aço 220V;Eletrodomesticos;Refrigeradores-Geladeiras;;PANASONIC;PANASONIC
Geladeira Duplex Inverter Frost Free 425L Bb53 Panasonic Preto 220V;Eletrodomesticos;Refrigeradores-Geladeiras;;PANASONIC;PANASONIC
Geladeira Duplex 334L Cycle Defrost Crd37 Consul Branco 220V;Eletrodomesticos;Refrigeradores-Geladeiras;;CONSUL;CONSUL
Geladeira Duplex 375L Frost Free Com Painel De Led Brm44 Brastemp Platinum 220V;Eletrodomesticos;Refrigeradores-Geladeiras;;BRASTEMP;BRASTEMP
Geladeira Duplex Inverter Frost Free 425L Panasonic Aço 220v;Eletrodomesticos;Refrigeradores-Geladeiras;;PANASONIC;PANASONIC
Geladeira Nr-bb71gvfbb 480L 2 Portas Frost Free Bottom Freezer Panasonic Preto 220v;Eletrodomesticos;Refrigeradores-Geladeiras;;PANASONIC;PANASONIC
Geladeira Nr-bt41pd1wb 387L 2 Portas Frost Free Top Freezer Panasonic Branco 220v;Eletrodomesticos;Refrigeradores-Geladeiras;;PANASONIC;PANASONIC
Geladeira Duplex 397 Litros Bb41pv1t Inverter Frost Free Com Smartsense Panasonic Titanio 220v;Eletrodomesticos;Refrigeradores-Geladeiras;;PANASONIC;PANASONIC
Geladeira Duplex 397 Litros Bb41pv1t Inverter Frost Free Com Smartsense Panasonic Preto 220v;Eletrodomesticos;Refrigeradores-Geladeiras;;PANASONIC;PANASONIC
Geladeira Duplex 451 Litros Frost Free Crm56 Consul Branco 220v;Eletrodomesticos;Refrigeradores-Geladeiras;;CONSUL;CONSUL
Geladeira Duplex 451 Litros Frost Free Crm56 Consul Platinum 220v;Eletrodomesticos;Refrigeradores-Geladeiras;;CONSUL;CONSUL
Geladeira Crm44 386 Litros Frost Free Duplex Consul Branco 220v;Eletrodomesticos;Refrigeradores-Geladeiras;;CONSUL;CONSUL
Geladeira Duplex 451 Litros Frost Free Crm56 Consul Branco 220v;Eletrodomesticos;Refrigeradores-Geladeiras;;CONSUL;CONSUL
Geladeira Consul Frost Free 1 Porta 342 Litros Branco 110v;Eletrodomesticos;Refrigeradores-Geladeiras;;CONSUL;CONSUL
Refrigerador Geladeira Consul 2 Portas 334 Litros Crd37eb Branco 127V;Eletrodomesticos;Refrigeradores-Geladeiras;;CONSUL;CONSUL
Refrigerador Degelo Prático Re31 240l Electrolux Branco 110v;Eletrodomesticos;Refrigeradores-Geladeiras;;ELECTROLUX;ELECTROLUX
Geladeira Electrolux Multidoor Experience 581l 4 Portas Iq8s Inox 110V;Eletrodomesticos;Refrigeradores-Geladeiras;;ELECTROLUX;ELECTROLUX
Geladeira Consul Frost Free 2 Portas 410l Crm50hkana Consul Branco 110v;Eletrodomesticos;Refrigeradores-Geladeiras;;CONSUL;CONSUL
Geladeira Crm44abana Frost Free Duplex 386l Consul Branco 110v;Eletrodomesticos;Refrigeradores-Geladeiras;;CONSUL;CONSUL
Geladeira Im8s 590 Litros 3 Portas Inverter Electrolux Inox 110v;Eletrodomesticos;Refrigeradores-Geladeiras;;ELECTROLUX;ELECTROLUX
Refrigerador Frost Free Duplex Crm56hb 450 Litros 2 Portas Consul Branco 127V;Eletrodomesticos;Refrigeradores-Geladeiras;;CONSUL;CONSUL
Geladeira Dfn44 400L Frost Free Painel Digital Electrolux Branco 127V;Eletrodomesticos;Refrigeradores-Geladeiras;;ELECTROLUX;ELECTROLUX
Geladeira CRM56FBANA Com 2 Portas 451l Consul Branco 110V;Eletrodomesticos;Refrigeradores-Geladeiras;;CONSUL;CONSUL
Geladeira Brastemp 375 Litros 2 Portas Frost Free Brm44hb Branco 127v;Eletrodomesticos;Refrigeradores-Geladeiras;;BRASTEMP;BRASTEMP
Geladeira Refrigerador Electrolux Frost Free Duplex 371L Branco 220V DFN41;Eletrodomesticos;Refrigeradores-Geladeiras;;ELECTROLUX;ELECTROLUX
Geladeira Consul Frost Free Crm39 Duplex 340 Litros Com Prateleiras Branco 110v;Eletrodomesticos;Refrigeradores-Geladeiras;;CONSUL;CONSUL
Geladeira Refrigerador Brastemp 375 Litros 2 Portas Frost Free Brm44hk Evox 127v;Eletrodomesticos;Refrigeradores-Geladeiras;;BRASTEMP;BRASTEMP
Geladeira - Refrigerador Electrolux Frost Free Duplex 371l Dfn41 Branco 127 V;Eletrodomesticos;Refrigeradores-Geladeiras;;ELECTROLUX;ELECTROLUX
Geladeira Electrolux Automático Duplex 431 Litros Tf55 Top Freezer Branco 127v;Eletrodomesticos;Refrigeradores-Geladeiras;;ELECTROLUX;ELECTROLUX
Refrigerador Consul Duplex 334 Litros Cycle Defrost Crd37 Branco 220V;Eletrodomesticos;Refrigeradores-Geladeiras;;CONSUL;CONSUL
Geladeira Refrigerador Brastemp 375 Litros 2 Portas Frost Free Brm44hk Evox 220v;Eletrodomesticos;Refrigeradores-Geladeiras;;BRASTEMP;BRASTEMP
Refrigerador Electrolux Cycle Defrost 260 Litros 2 Portas Design Moderno Dc35a Branco 110v;Eletrodomesticos;Refrigeradores-Geladeiras;;ELECTROLUX;ELECTROLUX
Refrigerador Electrolux 2 Portas 370 Litros Frost Free Dfx41 Inox 220V;Eletrodomesticos;Refrigeradores-Geladeiras;;ELECTROLUX;ELECTROLUX
Geladeira Brastemp 375 Litros 2 Portas Frost Free Brm44hb Branco 220v;Eletrodomesticos;Refrigeradores-Geladeiras;;BRASTEMP;BRASTEMP
Refrigerador Consul Frost Free 342 Litros Com Controle De Temperatura Crb39 Branco 220v;Eletrodomesticos;Refrigeradores-Geladeiras;;CONSUL;CONSUL
Geladeira 261L 1 Porta Classe A Cra30fb Consul Branco 110v;Eletrodomesticos;Refrigeradores-Geladeiras;;CONSUL;CONSUL
Geladeira Electrolux Frost Free Duplex 431L Top Freeze 127v;Eletrodomesticos;Refrigeradores-Geladeiras;;ELECTROLUX;ELECTROLUX
Geladeira Electrolux Frost Free Duplex 431L Tf55s 220v;Eletrodomesticos;Refrigeradores-Geladeiras;;ELECTROLUX;ELECTROLUX
Geladeira Electrolux Automático Duplex 431L Branco 220v;Eletrodomesticos;Refrigeradores-Geladeiras;;ELECTROLUX;ELECTROLUX
Geladeira 1 Porta Degelo Seco Classe A Consul Branco 220v;Eletrodomesticos;Refrigeradores-Geladeiras;;MXT - CONSUL;MXT - CONSUL
Geladeira Consul Frost Free Crm39 Duplex 340L Branco 220v;Eletrodomesticos;Refrigeradores-Geladeiras;;CONSUL;CONSUL
Refrigerador Brastemp Bre58Ak Inverse 588L Inox 127V;Eletrodomesticos;Refrigeradores-Geladeiras;;BRASTEMP;BRASTEMP
Refrigerador Brastemp Inverse 3 Portas 554L Inox BRO85AK 127V;Eletrodomesticos;Refrigeradores-Geladeiras;;BRASTEMP;BRASTEMP
Refrigerador Brastemp Bre58Ak Inverse 588L Inox 220V;Eletrodomesticos;Refrigeradores-Geladeiras;;BRASTEMP;BRASTEMP
Refrigerador Consul Frost Free Inox 386 L Duplex Crm44akbna Inox 220 V;Eletrodomesticos;Refrigeradores-Geladeiras;;CONSUL;CONSUL
Geladeira Brastemp Frost Free French Door Inverse Inox 127 V;Eletrodomesticos;Refrigeradores-Geladeiras;;BRASTEMP;BRASTEMP
Refrigerador Consul Frost Free 386 L Duplex Crm44abbna Branco 127 V;Eletrodomesticos;Refrigeradores-Geladeiras;;CONSUL;CONSUL
Refrigeador Consul Frost Free 386 L Duplex Crm44abbna Branco 220v;Eletrodomesticos;Refrigeradores-Geladeiras;;CONSUL;CONSUL
Geladeira Electrolux Experience Multidoor 581l Inox Inverter Flexispace Inox 127v;Eletrodomesticos;Refrigeradores-Geladeiras;;ELECTROLUX;ELECTROLUX
Geladeira Frost Free Brm54 Brastemp Duplex 400 Litros Branco 127 V;Eletrodomesticos;Refrigeradores-Geladeiras;;BRASTEMP;BRASTEMP
Geladeira Frost Free Brm54 Brastemp Duplex 400 Litros Branco 220 V;Eletrodomesticos;Refrigeradores-Geladeiras;;BRASTEMP;BRASTEMP
Geladeira Consul Frost Free 410 L Crm50fk Inox 220 V;Eletrodomesticos;Refrigeradores-Geladeiras;;CONSUL;CONSUL
Geladeira Consul Frost Free 410 L Crm50fk Inox 127 V;Eletrodomesticos;Refrigeradores-Geladeiras;;CONSUL;CONSUL
Geladeira Consul Frost Free 451l Crm56fb Branco 220 V;Eletrodomesticos;Refrigeradores-Geladeiras;;CONSUL;CONSUL
Geladeira Consul Frost Free 410 Litros Duplex Crm50fbbna Branco 220 V;Eletrodomesticos;Refrigeradores-Geladeiras;;CONSUL;CONSUL
Geladeira Electrolux 490L Efficient Com Autosense Inverse Inox IB7S 127V;Eletrodomesticos;Refrigeradores-Geladeiras;;ELECTROLUX;ELECTROLUX
Geladeira Side By Side Samsung RS52 com All Around Cooling 490L Inox 220V;Eletrodomesticos;Refrigeradores-Geladeiras;;SAMSUNG;SAMSUNG
Geladeira Samsung 411L Frost Free Duplex RT42DG6630B1 Black Inox Bivolt;Eletrodomesticos;Refrigeradores-Geladeiras;;SAMSUNG;SAMSUNG
Geladeira Electrolux Frost Free 390L Inverter Autosense IF43 Branco 220V;Eletrodomesticos;Refrigeradores-Geladeiras;;ELECTROLUX;ELECTROLUX
Refrigerador Consul Duplex 334 Litros Cycle Defrost Crd37 Branco 220V;Eletrodomesticos;Refrigeradores-Geladeiras;;CONSUL;CONSUL
Geladeira Samsung 411L Frost Free Duplex RT42DG6630B1 Black Inox Bivolt;Eletrodomesticos;Refrigeradores-Geladeiras;;SAMSUNG;SAMSUNG
Refrigerador Electrolux Cycle Defrost 260 Litros 2 Portas Design Moderno Dc35a Branco 110v;Eletrodomesticos;Refrigeradores-Geladeiras;;ELECTROLUX;ELECTROLUX
Refrigerador Consul Frost Free Duplex Branco 127V;Eletrodomesticos;Refrigeradores-Geladeiras;;CONSUL;CONSUL
Refrigerador Frost Free 2pts 410l Crm50hbana Consul Branco 127v;Eletrodomesticos;Refrigeradores-Geladeiras;;CONSUL;CONSUL
Refrigerador Frost Free 3pts 554l Bro85akana Brastemp Inox 127v;Eletrodomesticos;Refrigeradores-Geladeiras;;BRASTEMP;BRASTEMP
Refrigerador Cycle Defrost 1pt 240l Re31 Electrolux Branco 127v;Eletrodomesticos;Refrigeradores-Geladeiras;;ELECTROLUX;ELECTROLUX
Refrigerador 2pts 386l Frost Free Crm44abana Consul Branco 127v;Eletrodomesticos;Refrigeradores-Geladeiras;;CONSUL;CONSUL
Refrigerador Frost Free 347l Md-rt468mta011 Midea Branco 127v;Eletrodomesticos;Refrigeradores-Geladeiras;;MIDEA;MIDEA
Refrigerador Frost Free 371l Duplex Dfn41 Electrolux Branco 127v;Eletrodomesticos;Refrigeradores-Geladeiras;;ELECTROLUX;ELECTROLUX
Refrigerador Cycle Defrost 2 Portas 334 Litros Consul Branco 220v;Eletrodomesticos;Refrigeradores-Geladeiras;;CONSUL;CONSUL
Refrigerador 2pts 386l Frost Free Crm44abana Consul Branco 127v;Eletrodomesticos;Refrigeradores-Geladeiras;;CONSUL;CONSUL
Refrigerador Frost Free 347l Md-rt468mta011 Midea Branco 127v;Eletrodomesticos;Refrigeradores-Geladeiras;;MIDEA;MIDEA
Geladeira Esmaltec Rcd38 Inox 306 Litros 2 Portas 127v;Eletrodomesticos;Refrigeradores-Geladeiras;;ESMALTEC;ESMALTEC
Geladeira Esmaltec Rcd38 Branca 306 Litros 2 Portas 127v;Eletrodomesticos;Refrigeradores-Geladeiras;;ESMALTEC;ESMALTEC
Geladeira Smart LG Side by Side UVnano 611L Motor Inverter GC-L257SLP1 220V;Eletrodomesticos;Refrigeradores-Geladeiras;;LG;GC-L257SLP1
Refrigerador Esmaltec Duplex Cycle Defrost 276L Black RCD34 127V;Eletrodomesticos;Refrigeradores-Geladeiras;;ESMALTEC;ESMALTEC
Refrigerador Inverter Black Glass 425L Preto Panasonic 110V;Eletrodomesticos;Refrigeradores-Geladeiras;;PANASONIC;PANASONIC
Refrigerador Philco Side By Side 489l Prf504i 220v;Eletrodomesticos;Refrigeradores-Geladeiras;;PHILCO;PHILCO
Geladeira Refrigerador Electrolux Frost Free Duplex 371L Branco 220V DFN41;Eletrodomesticos;Refrigeradores-Geladeiras;;ELECTROLUX;ELECTROLUX
Geladeira Consul Frost Free Crm39 Duplex 340 Litros Com Prateleiras Branco 110v;Eletrodomesticos;Refrigeradores-Geladeiras;;CONSUL;CONSUL
Geladeira Refrigerador Brastemp 375 Litros 2 Portas Frost Free Brm44hk Evox 127v;Eletrodomesticos;Refrigeradores-Geladeiras;;BRASTEMP;BRASTEMP
Geladeira - Refrigerador Electrolux Frost Free Duplex 371l Dfn41 Branco 127 V;Eletrodomesticos;Refrigeradores-Geladeiras;;ELECTROLUX;ELECTROLUX
Geladeira Refrigerador Brastemp 375 Litros 2 Portas Frost Free Brm44hk Evox 220v;Eletrodomesticos;Refrigeradores-Geladeiras;;BRASTEMP;BRASTEMP
Refrigerador Electrolux Cycle Defrost 260 Litros 2 Portas Design Moderno Dc35a Branco 110v;Eletrodomesticos;Refrigeradores-Geladeiras;;ELECTROLUX;ELECTROLUX
Geladeira/Refrigerador Electrolux Frost Free Duplex 371l Dfn41 Branco 127v;Eletrodomesticos;Refrigeradores-Geladeiras;;ELECTROLUX;ELECTROLUX
Geladeira Consul Frost Free Duplex 340L Com Prateleiras Branco 110v;Eletrodomesticos;Refrigeradores-Geladeiras;;CONSUL;CONSUL
Geladeira Electrolux Frost Free Duple 431L Platinum 127v;Eletrodomesticos;Refrigeradores-Geladeiras;;ELECTROLUX;ELECTROLUX
Geladeira Consul Frost Free 1 Porta 342 Litros Branco 110v;Eletrodomesticos;Refrigeradores-Geladeiras;;CONSUL;CONSUL
Refrigerador Geladeira Consul 2 Portas 334 Litros Crd37eb Branco 127V;Eletrodomesticos;Refrigeradores-Geladeiras;;CONSUL;CONSUL
Refrigerador Degelo Prático Re31 240l Electrolux Branco 110v;Eletrodomesticos;Refrigeradores-Geladeiras;;ELECTROLUX;ELECTROLUX
Refrigerador Consul Degelo Seco 261l Branco 127v;Eletrodomesticos;Refrigeradores-Geladeiras;;CONSUL;CONSUL
Refrigerador Brastemp Frost Free 2 Pts 375l Branco 127v;Eletrodomesticos;Refrigeradores-Geladeiras;;BRASTEMP;BRASTEMP
Refrigerador Cycle Defrost 2 Portas 334 L Consul Branco 127v;Eletrodomesticos;Refrigeradores-Geladeiras;;CONSUL;CONSUL
Geladeira Electrolux Frost Free Duplex 431L Top Freeze 127v;Eletrodomesticos;Refrigeradores-Geladeiras;;ELECTROLUX;ELECTROLUX
Geladeira Electrolux Frost Free Duplex 431L Tf55s 220v;Eletrodomesticos;Refrigeradores-Geladeiras;;ELECTROLUX;ELECTROLUX
Geladeira Electrolux Automático Duplex 431L Branco 220v;Eletrodomesticos;Refrigeradores-Geladeiras;;ELECTROLUX;ELECTROLUX
Refrigerador Panasonic Bt50 435l Econavi Frost Free Nr-bt50bd3w Branco 220v;Eletrodomesticos;Refrigeradores-Geladeiras;;PANASONIC;PANASONIC
Refrigerador Panasonic Bt50 435l Econavi Ff Nr-bt50bd3x Aço Escovado 110v;Eletrodomesticos;Refrigeradores-Geladeiras;;PANASONIC;PANASONIC
Geladeira Panasonic Bt41 Dúplex Frost Free Turbo Freezer Panasonic Branco 110v;Eletrodomesticos;Refrigeradores-Geladeiras;;PANASONIC;PANASONIC
Refrigerador Frost Free 1 Porta 342 Litros Branco 110v;Eletrodomesticos;Refrigeradores-Geladeiras;;MXT - CONSUL;MXT - CONSUL
Geladeira Consul 2 Portas 334 Litros Branco 110v;Eletrodomesticos;Refrigeradores-Geladeiras;;CONSUL;CONSUL
Geladeira 2 Portas Frost Free 431L Electrolux Branco 110v;Eletrodomesticos;Refrigeradores-Geladeiras;;ELECTROLUX;ELECTROLUX
Refrigerador Panasonic 387L F Free Duplex Nr-Bt41Pd1W 110V;Eletrodomesticos;Refrigeradores-Geladeiras;;PANASONIC;PANASONIC
Geladeira Consul Frost Free Duplex 340L Branco 220v;Eletrodomesticos;Refrigeradores-Geladeiras;;CONSUL;CONSUL
Refrigerador Panasonic 435 Litros Nrbt50bd3w Branco 220v;Eletrodomesticos;Refrigeradores-Geladeiras;;PANASONIC;PANASONIC
Geladeira Electrolux Automático Duplex 431L Branco 220v;Eletrodomesticos;Refrigeradores-Geladeiras;;ELECTROLUX;ELECTROLUX
Refrigerador Panasonic 387l Frost Free Duplex Branco 220v;Eletrodomesticos;Refrigeradores-Geladeiras;;PANASONIC;PANASONIC
Geladeira Panasonic Frost Free Black Glass 480l 110v Nr-bb71gvfba;Eletrodomesticos;Refrigeradores-Geladeiras;;PANASONIC;PANASONIC
Geladeira Frost Free Crm44abana 386L Consul Branco 110v;Eletrodomesticos;Refrigeradores-Geladeiras;;CONSUL;CONSUL
Refrigerador Consul 334L Defrost 2 Portas Crb37e Branco 110v;Eletrodomesticos;Refrigeradores-Geladeiras;;CONSUL;CONSUL
Refrigerador Consul 261L Degelo Seco 1Pta Cra30fb Branco110v;Eletrodomesticos;Refrigeradores-Geladeiras;;CONSUL;CONSUL
Geladeira Brastemp Brm44Hk Frost Free Duplex 375 Litros;Eletrodomesticos;Refrigeradores-Geladeiras;;BRASTEMP;BRASTEMP
Refrigeador Consul Frost Free 386 L Duplex Branco 127V;Eletrodomesticos;Refrigeradores-Geladeiras;;CONSUL;CONSUL
Geladeira Panasonic Frost Free Black Glass 480l 110v;Eletrodomesticos;Refrigeradores-Geladeiras;;PANASONIC;PANASONIC
Geladeira Electrolux Multidoor Efficient Com Autosense E Inverter 590 L Inox Look Im8s 127v 02623fba130 Inox único;Eletrodomesticos;Refrigeradores-Geladeiras;;ELECTROLUX;ELECTROLUX
Refrigeador Consul Frost Free Inox 386L Crm44Akbna Inox 127V;Eletrodomesticos;Refrigeradores-Geladeiras;;CONSUL;CONSUL
Geladeira Eletrolux Multidoor 581L Experience FlexiSpace Inox Inverter 127V IQ8S;Eletrodomesticos;Refrigeradores-Geladeiras;;ELECTROLUX;ELECTROLUX
Refrigerador Brastemp Inverse 3 Portas 554L Inox BRO85AK 127V;Eletrodomesticos;Refrigeradores-Geladeiras;;BRASTEMP;BRASTEMP
Refrigeador Consul Frost Free Inox 386L Crm44Akbna Inox 127V;Eletrodomesticos;Refrigeradores-Geladeiras;;CONSUL;CONSUL
Geladeira Brastemp Frost Free French Door Inverse Inox 127 V;Eletrodomesticos;Refrigeradores-Geladeiras;;BRASTEMP;BRASTEMP
Refrigerador Consul Frost Free 386 L Duplex Crm44abbna Branco 127 V;Eletrodomesticos;Refrigeradores-Geladeiras;;CONSUL;CONSUL
Geladeira Electrolux Experience Multidoor 581l Inox Inverter Flexispace Inox 127v;Eletrodomesticos;Refrigeradores-Geladeiras;;ELECTROLUX;ELECTROLUX
Geladeira Frost Free Brm54 Brastemp Duplex 400 Litros Branco 127 V;Eletrodomesticos;Refrigeradores-Geladeiras;;BRASTEMP;BRASTEMP
Geladeira Frost Free Brm54 Brastemp Duplex 400 Litros Branco 220 V;Eletrodomesticos;Refrigeradores-Geladeiras;;BRASTEMP;BRASTEMP
Refrigerador Frost Free Im8s 590 Litros Multidoor Efficient Electrolux Platinum 110v;Eletrodomesticos;Refrigeradores-Geladeiras;;ELECTROLUX;ELECTROLUX
Refrigerador Consul 342 Litros Frost Free 1 Porta Crb39ab Branco 110v;Eletrodomesticos;Refrigeradores-Geladeiras;;CONSUL;CONSUL
Geladeira Electrolux Dfn41 Frost Free 371L Branca 127V;Eletrodomesticos;Refrigeradores-Geladeiras;;ELECTROLUX;ELECTROLUX
Geladeira Electrolux Tf55S Frost Free Duplex 431 Litros 127V;Eletrodomesticos;Refrigeradores-Geladeiras;;ELECTROLUX;ELECTROLUX
Geladeira Consul Crd37Eb Cycle Defrost 334L Branca 127V;Eletrodomesticos;Refrigeradores-Geladeiras;;CONSUL;CONSUL
Geladeira Midea Mdrt580Mta282 411 Litros Duplex;Eletrodomesticos;Refrigeradores-Geladeiras;;MIDEA;MIDEA
Geladeira Philco Side By Side 434 Litros Prf535id Inox 127v;Eletrodomesticos;Refrigeradores-Geladeiras;;PHILCO;PHILCO
Refrigerador Panasonic Bb53 Black Glass 425l Inverter Frost Free Nr-bb53gv3b Preto 110v;Eletrodomesticos;Refrigeradores-Geladeiras;;PANASONIC;PANASONIC
Geladeira Frost Free Duplex 386 Litros Crm44akana Consul Inox 110v;Eletrodomesticos;Refrigeradores-Geladeiras;;CONSUL;CONSUL
Geladeira Consul Frost Free 451 L Crm56fk Inox 220 V;Eletrodomesticos;Refrigeradores-Geladeiras;;CONSUL;CONSUL
Geladeira Consul Frost Free 410 L Crm50fk Inox 220 V;Eletrodomesticos;Refrigeradores-Geladeiras;;CONSUL;CONSUL
Geladeira Consul Frost Free 410 L Crm50fk Inox 127 V;Eletrodomesticos;Refrigeradores-Geladeiras;;CONSUL;CONSUL
Geladeira Consul Frost Free 410 L Crm50fk Inox 220 V;Eletrodomesticos;Refrigeradores-Geladeiras;;CONSUL;CONSUL
Geladeira Bottom Gorenje Nrk61caxl4 Freezer 326 Litros Inverse 2 Portas Inox 220V;Eletrodomesticos;Refrigeradores-Geladeiras;;GORENJE;GORENJE
Geladeira Consul Frost Free 2 Portas 410l Crm50hkana Consul Branco 110v;Eletrodomesticos;Refrigeradores-Geladeiras;;CONSUL;CONSUL
Geladeira Crm44abana Frost Free Duplex 386l Consul Branco 110v;Eletrodomesticos;Refrigeradores-Geladeiras;;CONSUL;CONSUL
Geladeira Consul Frost Free Duplex 451 Litros Espaço Flex Branco 220v;Eletrodomesticos;Refrigeradores-Geladeiras;;CONSUL;CONSUL
Geladeira Inverter Black Glass Frost Free 425 Lt Preto/110v;Eletrodomesticos;Refrigeradores-Geladeiras;;OUTRAS MARCAS;OUTRAS MARCAS
Geladeira LG Frost Free Inverter 395L Duplex Inox Look GN-B392PLM 220V;Eletrodomesticos;Refrigeradores-Geladeiras;;LG;GN-B392PLM
Geladeira LG Inverter Bottom Freezer 451L Platinum GC-B569NLL2 220V;Eletrodomesticos;Refrigeradores-Geladeiras;;LG;LG
Geladeira Electrolux 490L Efficient Com Autosense Inverse Inox IB7S 127V;Eletrodomesticos;Refrigeradores-Geladeiras;;ELECTROLUX;ELECTROLUX
Refrigerador Multidoor 220v Cuisinart Arkton Preto;Eletrodomesticos;Refrigeradores-Geladeiras;;CUISINART;CUISINART
Geladeira Smart LG Frost Free Inverter 451L Inverse Black Inox GC-B569NQL 127V;Eletrodomesticos;Refrigeradores-Geladeiras;;LG;LG
Refrigerador Brastemp Duplex Smart Flow Inverse 447L Inox BRE57FKANA 110V;Eletrodomesticos;Refrigeradores-Geladeiras;;BRASTEMP;BRASTEMP
Geladeira Panasonic A+++ Frost Free 480l Black Glass - Nr-bb71gvfba 127V;Eletrodomesticos;Refrigeradores-Geladeiras;;PANASONIC;PANASONIC
Refrigerador Panasonic Bottom Freezer 425L Inverse Cinza NR-BB53GV3MB 220V;Eletrodomesticos;Refrigeradores-Geladeiras;;PANASONIC;PANASONIC
Geladeira Consul Cycle Defrost Duplex 334 litros Branca com Freezer Supercapacidade CRD37EB 127V;Eletrodomesticos;Refrigeradores-Geladeiras;;CONSUL;CONSUL
Geladeira Consul Frost Free Duplex 386 Litros CRM44AK Inox 220V;Eletrodomesticos;Refrigeradores-Geladeiras;;CONSUL;CONSUL
Geladeira Panasonic 2 Portas Bt50 Branca 435l - 127v;Eletrodomesticos;Refrigeradores-Geladeiras;;PANASONIC;PANASONIC
Geladeira Panasonic Bt55pv2xb 483 Litros 2 Portas Inox 220v;Eletrodomesticos;Refrigeradores-Geladeiras;;PANASONIC;PANASONIC
Refrigerador Panasonic Bt55 483l Inverter Frost Free Nr-bt55pv2x Aço Escovado 110v;Eletrodomesticos;Refrigeradores-Geladeiras;;PANASONIC;PANASONIC
Refrigeador Consul Frost Free Inox 386 L Duplex 220V;Eletrodomesticos;Refrigeradores-Geladeiras;;CONSUL;CONSUL
Refrigeador Consul Frost Free 386 L Duplex Branco 220V;Eletrodomesticos;Refrigeradores-Geladeiras;;CONSUL;CONSUL
Geladeira Philco Side By Side 434 Litros Prf535id Inox 127v;Eletrodomesticos;Refrigeradores-Geladeiras;;PHILCO;PHILCO
Refrigerador 2 Portas 431 Litros Frost Free Tf55 Electrolux Branco 110v;Eletrodomesticos;Refrigeradores-Geladeiras;;ELECTROLUX;ELECTROLUX
Refrigerador Panasonic Bt50 435l Econavi Frost Free Nr-bt50bd3w Branco 110v;Eletrodomesticos;Refrigeradores-Geladeiras;;PANASONIC;PANASONIC
Refrigerador Brastemp Bre58Ak Inverse 588L Inox 127V;Eletrodomesticos;Refrigeradores-Geladeiras;;BRASTEMP;BRASTEMP
Geladeira Electrolux Frost Free 371l Duplex Dfx41 Inox 220v;Eletrodomesticos;Refrigeradores-Geladeiras;;ELECTROLUX;ELECTROLUX
Refrigerador Electrolux 240 L Re31 Degelo Prático Branco 220v;Eletrodomesticos;Refrigeradores-Geladeiras;;ELECTROLUX;ELECTROLUX
Geladeira Panasonic Frost Free Duplex Bt41 387 Litros Inox 127v;Eletrodomesticos;Refrigeradores-Geladeiras;;PANASONIC;PANASONIC
Geladeira Electrolux Frost Free 371l Duplex Dfx41 Inox 110v;Eletrodomesticos;Refrigeradores-Geladeiras;;ELECTROLUX;ELECTROLUX
Geladeira Consul Frost Free Duplex 410 Litros Espaço Flex Inox 220v;Eletrodomesticos;Refrigeradores-Geladeiras;;CONSUL;CONSUL
Geladeira Consul Frost Free Duplex 451 Litros Espaço Flex Branco 110v;Eletrodomesticos;Refrigeradores-Geladeiras;;CONSUL;CONSUL
Geladeira Im8s 590 Litros 3 Portas Inverter Electrolux Inox 110v;Eletrodomesticos;Refrigeradores-Geladeiras;;ELECTROLUX;ELECTROLUX
Conservador Refrigerador 575 Litros Porta Cega C/4 Grade 220v Gpc-57/tee;Eletrodomesticos;Refrigeradores-Geladeiras;;GELOPAR;GELOPAR
Geladeira Brastemp Bro85ak 554 Litros;Eletrodomesticos;Refrigeradores-Geladeiras;;BRASTEMP;BRASTEMP
Geladeira Consul Frost Free Duplex Crm44 386 Litros Branca;Eletrodomesticos;Refrigeradores-Geladeiras;;CONSUL;CONSUL
Geladeira Midea Rt467mta042 347 Litrs Duplex Frost Free Inox;Eletrodomesticos;Refrigeradores-Geladeiras;;MIDEA;MIDEA
Geladeira Bb41pv1ta A+++ 397 Litros Panasonic Titanium 110v;Eletrodomesticos;Refrigeradores-Geladeiras;;PANASONIC;PANASONIC
Geladeira French Door Family Hub Rf27 564l Preta 3 Portas 110v Rf27cg5910b1az;Eletrodomesticos;Refrigeradores-Geladeiras;;SAMSUNG;SAMSUNG
Refrigerador Frost Free 371l Duplex Dfn41 Electrolux Branco 127v;Eletrodomesticos;Refrigeradores-Geladeiras;;ELECTROLUX;ELECTROLUX
Refrigerador Nr-bb53gv3ma 425l Inverter Espelhado Panasonic Espelhado 110v;Eletrodomesticos;Refrigeradores-Geladeiras;;PANASONIC;PANASONIC
Geladeira Electrolux 490l Efficient Com Autosense Inverse Inox IB7S 220V;Eletrodomesticos;Refrigeradores-Geladeiras;;ELECTROLUX;ELECTROLUX
Geladeira Brastemp Frost Free Inverse A+++ 461L Black Inox Com Tecnologia Inverter E Freeze Control Advanced BRE59FE 110V;Eletrodomesticos;Refrigeradores-Geladeiras;;BRASTEMP;BRASTEMP
Geladeira Brastemp Frost Free Inverse A+++ 447L Branca Com Smart Flow E Fresh Box BRE57FB 110V;Eletrodomesticos;Refrigeradores-Geladeiras;;BRASTEMP;BRASTEMP
Geladeira Brastemp Frost Free Inverse A+++ 479L Black Inox Com Super Capacidade E Smart Flow BRE58FE 220V;Eletrodomesticos;Refrigeradores-Geladeiras;;BRASTEMP;BRASTEMP
Geladeira Brastemp Frost Free Inverse A+++ 447L Inox Com Smart Flow E Fresh Box BRE57FK 110V;Eletrodomesticos;Refrigeradores-Geladeiras;;BRASTEMP;BRASTEMP
Geladeira Brastemp Frost Free Inverse A+++ 447L Branca Com Smart Flow E Fresh Box BRE57FB 220V;Eletrodomesticos;Refrigeradores-Geladeiras;;BRASTEMP;BRASTEMP
Geladeira Brastemp Frost Free Inverse A+++ 479L Inox Com Super Capacidade E Smart Flow BRE58FK 220V;Eletrodomesticos;Refrigeradores-Geladeiras;;BRASTEMP;BRASTEMP
Geladeira Brastemp Frost Free Inverse A+++ 447L Inox Com Smart Flow E Fresh Box BRE57FK 220V;Eletrodomesticos;Refrigeradores-Geladeiras;;BRASTEMP;BRASTEMP
Geladeira Brastemp Frost Free Inverse A+++ 479L Black Inox Com Super Capacidade E Smart Flow BRE58FE 110V;Eletrodomesticos;Refrigeradores-Geladeiras;;BRASTEMP;BRASTEMP
Geladeira Brastemp Frost Free Inverse A+++ 479L Inox Com Super Capacidade E Smart Flow BRE58FK 110V;Eletrodomesticos;Refrigeradores-Geladeiras;;BRASTEMP;BRASTEMP
Geladeira Brastemp Frost Free Inverse A+++ 479L Branca com Super Capacidade e Smart Flow BRE58FB 110V;Eletrodomesticos;Refrigeradores-Geladeiras;;BRASTEMP;BRASTEMP
Geladeira Brastemp Frost Free Inverse A+++ 479L Branca com Super Capacidade e Smart Flow BRE58FB 220V;Eletrodomesticos;Refrigeradores-Geladeiras;;BRASTEMP;BRASTEMP
Geladeira Electrolux 490L Efficient Com Autosense Inverse Inox IB7S 127V;Eletrodomesticos;Refrigeradores-Geladeiras;;ELECTROLUX;ELECTROLUX
Geladeira Brastemp Frost Free Inverse A+++ 461L Black Inox Com Tecnologia Inverter E Freeze Control Advanced BRE59FE 220V;Eletrodomesticos;Refrigeradores-Geladeiras;;BRASTEMP;BRASTEMP
Refrigerador Samsung Smart French Door 3 Portas 576L Inox RF27CG5410SRBZ220V;Eletrodomesticos;Refrigeradores-Geladeiras;;SAMSUNG;SAMSUNG
Geladeira Esmaltec ROC 35 PRO 259L 1 Porta 220V;Eletrodomesticos;Refrigeradores-Geladeiras;;ESMALTEC;ESMALTEC
Geladeira Esmaltec ROC 31 PRO 245L 1 Porta 220V;Eletrodomesticos;Refrigeradores-Geladeiras;;ESMALTEC;ESMALTEC
Geladeira Esmaltec ROC 31 Pro 245L 1 Porta Branco 127V;Eletrodomesticos;Refrigeradores-Geladeiras;;ESMALTEC;ESMALTEC
Geladeira Esmaltec ROC 35 Pro 259L 1 Porta Branco 127V;Eletrodomesticos;Refrigeradores-Geladeiras;;ESMALTEC;ESMALTEC
Geladeira Tc56 472 Litros Branco Continental Branco 110v;Eletrodomesticos;Refrigeradores-Geladeiras;;CONTINENTAL;CONTINENTAL
Geladeira Smart LG Inverter French Door InstaView Door-in-Door 660L Black Inox ThinQ GM-X288NQXH 127V;Eletrodomesticos;Refrigeradores-Geladeiras;;LG;LG
Geladeira Panasonic Frost Free 483l Aço Escovado Nr-bt55pv2xb 220v;Eletrodomesticos;Refrigeradores-Geladeiras;;PANASONIC;PANASONIC
Geladeira Panasonic Frost Free 480l Aço Escovado Nr-bb71pvfxa - 110v;Eletrodomesticos;Refrigeradores-Geladeiras;;PANASONIC;PANASONIC
Refrigerador Brastemp Duplex Smart Flow Inverse 447L Inox 110V BRE57FKANA;Eletrodomesticos;Refrigeradores-Geladeiras;;BRASTEMP;BRASTEMP
Geladeira Frost Free 371 Litros Electrolux Branco DFN41 127V;Eletrodomesticos;Refrigeradores-Geladeiras;;ELECTROLUX;ELECTROLUX
Geladeira Brastemp 447 Litros Frost Free Inverse com Smart Flow e Fresh Box Black Inox BRE57FE - 220V;Eletrodomesticos;Refrigeradores-Geladeiras;;BRASTEMP;BRASTEMP
Geladeira Brastemp Gourmand Frost Free French Door 515l Inox 110v Brh86arana;Eletrodomesticos;Refrigeradores-Geladeiras;;BRASTEMP;BRASTEMP
Geladeira Panasonic A+++ Frost Free 425L Aço escovado BB53PV3X - 220V;Eletrodomesticos;Refrigeradores-Geladeiras;;PANASONIC;PANASONIC
Geladeira Smart LG Inverter French Door Instaview Door-in-door 660 Litros Black Inox Thinq 220V GM-X288NQX2;Eletrodomesticos;Refrigeradores-Geladeiras;;LG;LG
Geladeira Duplex Electrolux 310 Litros Frost Free Branco TF39 220V;Eletrodomesticos;Refrigeradores-Geladeiras;;ELECTROLUX;ELECTROLUX
Geladeira Electrolux 310 Litros Frost Free Duplex Inox TF39S 220V;Eletrodomesticos;Refrigeradores-Geladeiras;;ELECTROLUX;ELECTROLUX
Refrigerador/Geladeira Side By Side Philco PRF535ID 434L 220V;Eletrodomesticos;Refrigeradores-Geladeiras;;PHILCO;PHILCO
Geladeira Refrigerador 245 Litros Branca Roc31 Pro 220v - Esmaltec;Eletrodomesticos;Refrigeradores-Geladeiras;;ESMALTEC;ESMALTEC
Secadora Brastemp Suspensa 10 Kg Branco 220v;Eletrodomesticos;Secadoras de Roupas;;BRASTEMP;BRASTEMP
Secadora Brastemp Piso 10kg Branco 127 V;Eletrodomesticos;Secadoras de Roupas;;BRASTEMP;BRASTEMP
Secadora Brastemp Piso 10kg Branco 127 V;Eletrodomesticos;Secadoras de Roupas;;BRASTEMP;BRASTEMP
Secadora De Roupa Mueller Sun 8kg 127V Branco;Eletrodomesticos;Secadoras de Roupas;;MUELLER;MUELLER
Secadora De Roupa Mueller Solaris 8kg 127V Branco;Eletrodomesticos;Secadoras de Roupas;;MUELLER;MUELLER
Secadora De Roupa Mueller Sun 8kg 127V Branco;Eletrodomesticos;Secadoras de Roupas;;MUELLER;MUELLER
Secadora Brastemp Suspensa 10 Kg Branco 220v;Eletrodomesticos;Secadoras de Roupas;;BRASTEMP;BRASTEMP
Secadora Brastemp Piso 10kg Branco 127 V;Eletrodomesticos;Secadoras de Roupas;;BRASTEMP;BRASTEMP
